"object_slug","object_title","object_url","image_files","license_text","license_url","license_holder","institution_or_source"
"alabasterrelief-sophie-haufe-hebel","Alabasterrelief von Sophie Haufe, Hebel","/objekte/alabasterrelief-sophie-haufe-hebel/","Bilder/6-2/HuF_6_2_Hero_Image_Relief_SH_Ohmacht_TSS.webp | Bilder/6-2/HuF_6_2_Hero_Image_Relief_Hebel_Ohmacht_TSS.webp","CC BY-NC 4.0","https://creativecommons.org/licenses/by-nc/4.0/legalcode.en","Hebel-Archiv Heidelberg","Hebel-Archiv Heidelberg"
"alemannische-gedichte-vierte-auflage-erster-satz","Alemannische Gedichte. Für Freunde ländlicher Natur und Sitten. Vierte Auflage mit Musick Blättern, Druck vom ersten Satz","/objekte/alemannische-gedichte-vierte-auflage-erster-satz/","Bilder/2-4/2.4_03_01_AG_D4_TSS.webp | Bilder/2-4/Raubdrucke_03_1a_AG_D4_S._110a.webp","CC BY-NC 4.0","https://creativecommons.org/licenses/by-nc/4.0/legalcode.en","Hebel-Archiv Heidelberg","Hebel-Archiv Heidelberg"
"alemannische-gedichte-vierte-auflage-neusatz","Alemannische Gedichte. Für Freunde ländlicher Natur und Sitten. Vierte Auflage mit Musick Blättern, Druck vom Neusatz","/objekte/alemannische-gedichte-vierte-auflage-neusatz/","Bilder/2-4/2.4_03_01_AG_D4_TSS.webp | Bilder/2-4/Raubdrucke_03_1b_AG_D4_S._110b.webp","CC BY-NC 4.0","https://creativecommons.org/licenses/by-nc/4.0/legalcode.en","Hebel-Archiv Heidelberg","Hebel-Archiv Heidelberg"
"allemannische-gedichte","Allemannische Gedichte, Erstdruck","/objekte/allemannische-gedichte/","Bilder/2-1/2.1_01_1_AG_1803_und_ALZ_TSS.webp | Bilder/2-1/2.1_01_1b_D1_Titel_TSS.webp | Bilder/2-1/2.1_05_01a_Irrlichter_H2_u_D1.webp | Bilder/2-1/2.1_05_01b_D1_S._33.webp | Bilder/2-1/2.1_07_04_Marktweiber.webp | Bilder/2-1/AG_07_04b_Marktweiber_D1_78.webp","CC BY-NC 4.0","https://creativecommons.org/licenses/by-nc/4.0/legalcode.en","Hebel-Archiv Heidelberg","Hebel-Archiv Heidelberg"
"allemannische-gedichte-ensslin-1822","Allemannische Gedichte. Neueste vollständige Ausgabe, Reutlingen: J.[acob] N.[oah] Enßlin, 1822","/objekte/allemannische-gedichte-ensslin-1822/","Bilder/2-4/2.4_05_D5_TSS.webp | Bilder/2-4/Raubdrucke_05_1b_D5_Reutlingen1822.webp","CC BY-NC 4.0","https://creativecommons.org/licenses/by-nc/4.0/legalcode.en","Hebel-Archiv Heidelberg","Hebel-Archiv Heidelberg"
"allemannische-gedichte-fuenfte-ausgabe-1820","J.[ohann] P.[eter] Hebel: Allemannische Gedichte. Fünfte, vollständige Original Ausgabe mit drey Kupfer, Aarau: H.[einrich] R.[emigius] Sauerländer, 1820","/objekte/allemannische-gedichte-fuenfte-ausgabe-1820/","Bilder/2-4/2.4_04_01_D5_TSS.webp | Bilder/2-4/Raubdrucke_04_1a_D5_1820.webp | Bilder/6-3/6.3_04_05_Schwarzwaelder_im_Breisgau.webp","CC BY-NC 4.0","https://creativecommons.org/licenses/by-nc/4.0/legalcode.en","Hebel-Archiv Heidelberg","Hebel-Archiv Heidelberg"
"allemannische-gedichte-maecken-1821","Allemannische Gedichte. Neueste vollständige Ausgabe, Reutlingen: J.[ohann] J.[akob] Mäcken, 1821","/objekte/allemannische-gedichte-maecken-1821/","Bilder/2-4/2.4_04_01_D5_TSS.webp | Bilder/2-4/Raubdrucke_04_1b_D5_Reutlingen1821.webp","CC BY-NC 4.0","https://creativecommons.org/licenses/by-nc/4.0/legalcode.en","Hebel-Archiv Heidelberg","Hebel-Archiv Heidelberg"
"allemannische-gedichte-umschlag","Allemannische Gedichte, Erstausgabe im Originalumschlag und -Einband","/objekte/allemannische-gedichte-umschlag/","Bilder/2-1/2.0_hero_image_Tschoepli_TSS.webp | Bilder/2-1/2.0_hero_image_Tschöpli_TSS.webp | Bilder/2-1/2.1_00_AG_1803_Tschoepli_TSS.webp","CC BY-NC 4.0","https://creativecommons.org/licenses/by-nc/4.0/legalcode.en","Hebel-Archiv Heidelberg","Hebel-Archiv Heidelberg"
"allmanach-des-pi","Titelblatt des Allmanach des dreigebalkten Pi","/objekte/allmanach-des-pi/","Bilder/5/BuP_5_Slide_1_Titel_Allm_Pi_BLB.webp","Public Domain Mark 1.0","https://creativecommons.org/publicdomain/mark/1.0/deed.de","","Badische Landesbibliothek, Karlsruhe"
"anzeige-hotel-erbprinz","Anzeige für das Hotel Erbprinz","/objekte/anzeige-hotel-erbprinz/","Bilder/6-3/6.3_04_1b_Hotel_Erbprinz_KA_Stadtarchiv_KA.webp","Mit freundlicher Genehmigung des Stadtarchivs Karlsruhe","","Stadtarchiv Karlsruhe","Stadtarchiv Karlsruhe"
"attituden-lady-hamilton","Attituden der Lady Hamilton, Ausschnitt","/objekte/attituden-lady-hamilton/","Bilder/6-3/6.3_01_01c_Hamilton_Novelli_NGA_Washington.webp","Gemeinfrei (Public Domain)","https://creativecommons.org/publicdomain/mark/1.0/deed.de","","National Gallery of Art, Washington D.C."
"badenscher-landkalender-1803","Badenscher Landkalender auf das Jahr 1803","/objekte/badenscher-landkalender-1803/","Bilder/3/3_01_01_Hebel_K03_Titelblatt_TSS.webp","CC BY-NC 4.0","https://creativecommons.org/licenses/by-nc/4.0/legalcode.en","Hebel-Archiv Heidelberg","Hebel-Archiv Heidelberg"
"badischer-landkalender-1804","Badischer Landkalender auf das Jahr 1804","/objekte/badischer-landkalender-1804/","Bilder/3/3_02_04_Kalender_1804_TSS.webp","CC BY-NC 4.0","https://creativecommons.org/licenses/by-nc/4.0/legalcode.en","Hebel-Archiv Heidelberg","Hebel-Archiv Heidelberg"
"badischer-landkalender-1805","Badischer Landkalender auf das Jahr 1805","/objekte/badischer-landkalender-1805/","Bilder/3/3_02_02_Hebel_K05_Neue_Aufgaben_TSS.webp","Public Domain Mark 1.0; Bearbeitung: Freigestellt","https://creativecommons.org/publicdomain/mark/1.0/deed.de","","Badische Landesbibliothek, Karlsruhe"
"basler-strasse-loerrach","Basler Straße in Lörrach (ca. 1910)","/objekte/basler-strasse-loerrach/","Bilder/1/1_06_01_Loerrach_Dreilaendermuseum.webp","Mit freundlicher Genehmigung des Dreiländermuseums Lörrach","","Dreiländermuseum Lörrach","Dreiländermuseum Lörrach"
"basler-totentanz","Hebels Geburtshaus am Basler Totentanz","/objekte/basler-totentanz/","Bilder/1/1_01_01_hebel_geburtshaus_privat.webp","Gemeinfrei; Bearbeitung: Ausschnitt","https://dls.staatsarchiv.bs.ch/de/orientierung/rechtsgrundlagen-und-datenschutz/#StABS-gemeinfrei","Staatsarchiv Basel-Stadt","Staatsarchiv Basel-Stadt"
"belchen","Ansicht des Belchen vom Münstertal aus","/objekte/belchen/","Bilder/4/Theo_4_1_Slide_1_Belchen_Wikipedia.webp","CC BY-SA 3.0","https://creativecommons.org/licenses/by-sa/3.0/deed.de","Andreas Schwarzkopf","Wikipedia"
"biblische-geschichten-umschlag","Umschlag der Biblischen Geschichten","/objekte/biblische-geschichten-umschlag/","Bilder/4/Theo_4_2_Slide_1_Umschlag_recto_BG_TSS.webp | Bilder/4/Theo_4_2_Slide_2_Umschlag_verso_BG_TSS.webp","CC BY-NC 4.0","https://creativecommons.org/licenses/by-nc/4.0/legalcode.en","Hebel-Archiv Heidelberg","Hebel-Archiv Heidelberg"
"brief-familie-haufe-1811","Johann Peter Hebel an die Familie Haufe","/objekte/brief-familie-haufe-1811/","Bilder/6-3/6.3_05_1b_Hebel_an_Haufe_BLB.webp","Mit freundlicher Genehmigung der Badischen Landesbibliothek Karlsruhe","","Badische Landesbibliothek Karlsruhe","Badische Landesbibliothek Karlsruhe"
"brief-haufe-dezember-1815","Hebel an Haufe vom Dezember 1815","/objekte/brief-haufe-dezember-1815/","Bilder/7/7_6_2_Z_401_an_Haufe_BLB.webp","Mit freundlicher Genehmigung der Badischen Landesbibliothek Karlsruhe","","Badische Landesbibliothek Karlsruhe","Badische Landesbibliothek Karlsruhe"
"brief-haufe-februar-1815","Hebel an Haufe vom Februar 1815","/objekte/brief-haufe-februar-1815/","Bilder/7/7_6_1_Z_392_an_Haufe_BLB.webp","Mit freundlicher Genehmigung der Badischen Landesbibliothek Karlsruhe","","Badische Landesbibliothek Karlsruhe","Badische Landesbibliothek Karlsruhe"
"brief-hebel-jaeck-1810","Brief von Hebel an Marcus Fidelis Jäck","/objekte/brief-hebel-jaeck-1810/","Bilder/7/7_03_03_An_Jaeck2_DLA.webp","Mit freundlicher Genehmigung des Deutschen Literaturarchivs Marbach","","DLA Marbach","DLA Marbach"
"brief-hendel-1809","Johann Peter Hebel an Henriette Hendel","/objekte/brief-hendel-1809/","Bilder/6-3/6.3_04_1c_Hebel_an_Hendel_BLB.webp","Public Domain Mark 1.0","https://creativecommons.org/publicdomain/mark/1.0/deed.de","","Badische Landesbibliothek Karlsruhe"
"brief-hitzig-1801","Brief Johann Peter Hebel an Friedrich Wilhelm Hitzig, 6. Februar [1801], erste Seite","/objekte/brief-hitzig-1801/","Bilder/2-1/2.1_02_1a_Hebel_Hitzig_Meine_Liebhaberey_BLB.webp","Public Domain Mark 1.0","https://creativecommons.org/publicdomain/mark/1.0/deed.de","","Badische Landesbibliothek Karlsruhe"
"brief-hitzig-1801-hexlein","Faksimile des Briefs an Friedrich Wilhelm Hitzig vom 6. Februar [1801]. Faksimile der Abschrift von fremder alter Hand einer frühen Version des Hexleins","/objekte/brief-hitzig-1801-hexlein/","Bilder/2-1/2.1_02_03a_Brief_Hexlein_Faltung_AB.webp | Bilder/2-1/2.1_02_03b_Brief_Hexlein_Faltung_AB.webp","Mit freundlicher Genehmigung der Badischen Landesbibliothek Karlsruhe","","Hebel-Archiv Heidelberg","Hebel-Archiv Heidelberg"
"brief-hitzig-1802","Brief Johann Peter Hebel an Friedrich Wilhelm Hitzig, [5. Dezember 1802], zweite Seite","/objekte/brief-hitzig-1802/","Bilder/2-4/2.4_02_01a_Hebel_an_Hitzig_BLB.webp | Bilder/2-4/2.4_02_01b_Hebel_an_Hitzig_Transkription_TSS.webp","Public Domain Mark 1.0","https://creativecommons.org/publicdomain/mark/1.0/deed.de","","BLB Karlsruhe"
"brief-ittner-1811","Brief an Johann Albrecht Ittner","/objekte/brief-ittner-1811/","Bilder/7/7_02_01_An_Ittner_UB_Basel.webp","Public Domain Mark 1.0","https://creativecommons.org/publicdomain/mark/1.0/deed.de","","UB Basel"
"brief-jaeck-hebel-1810","Brief von Marcus Fidelis Jäck an Hebel","/objekte/brief-jaeck-hebel-1810/","Bilder/7/7_03_04_Von_Jaeck4_BLB.webp","Mit freundlicher Genehmigung der Badischen Landesbibliothek Karlsruhe","","Badische Landesbibliothek, Karlsruhe","Badische Landesbibliothek, Karlsruhe"
"brief-koelle-1812","Brief an Christoph Friedrich Karl von Kölle","/objekte/brief-koelle-1812/","Bilder/7/7_00_01_hero_image_An_Koelle_DLA.webp","Mit freundlicher Genehmigung des Deutschen Literaturarchivs Marbach","","DLA Marbach","DLA Marbach"
"brief-koelle-1814","Brief an Kölle, 25. Oktober 1814","/objekte/brief-koelle-1814/","Bilder/3/3_04_01_Brief_an_Koelle_1815_BLB.webp","Public Domain Mark 1.0","https://creativecommons.org/publicdomain/mark/1.0/deed.de","","Badische Landesbibliothek, Karlsruhe"
"brief-koelle-1822","Brief Hebels an Christoph Friedrich Karl von Kölle","/objekte/brief-koelle-1822/","Bilder/7/7_05_01_An_Koelle_UB_Leipzig.webp","Mit freundlicher Genehmigung der Universitätsbibliothek Leipzig; Fotografie: Alexander Knopf","","Universitätsbibliothek Leipzig","Universitätsbibliothek Leipzig"
"brief-richter-1811","Brief Hebels an Jean Paul","/objekte/brief-richter-1811/","Bilder/7/7_04_01_An_Jean_Paul_TSS.webp","CC BY-NC 4.0","https://creativecommons.org/licenses/by-nc/4.0/legalcode.en","Hebel-Archiv Heidelberg","Hebel-Archiv Heidelberg"
"brief-schuetz-1811","Johann Peter Hebel an Friedrich Karl Schütz","/objekte/brief-schuetz-1811/","Bilder/6-3/6.3_05_1a_Hebel_an_Schuetz_TSS.webp","CC BY-NC 4.0","https://creativecommons.org/licenses/by-nc/4.0/legalcode.en","Hebel-Archiv Heidelberg","Hebel-Archiv Heidelberg"
"buehne-karlsruher-theaterhaus","Blick zur Bühne des Karlsruher Theaterhauses am Schlossplatz","/objekte/buehne-karlsruher-theaterhaus/","Bilder/6-3/6.3_03_01a_Theater_Weinbrenner_Buehne_Kunsthalle_KA.webp","Mit freundlicher Genehmigung der Staatlichen Kunsthalle Karlsruhe; Bearbeitung: Ausschnitt, Farbe, Helligkeit/Kontrast, Schärfe verändert","","Staatliche Kunsthalle Karlsruhe","Staatliche Kunsthalle Karlsruhe"
"carl-christian-gmelin","Porträt Carl Christian Gmelins","/objekte/carl-christian-gmelin/","Bilder/6-1/6.1_02_00_SMNK_Gmelin_Gemälde.webp","Mit freundlicher Genehmigung des Staatlichen Museums für Naturkunde Karlsruhe und des Eigentümers","","Staatliches Museum für Naturkunde Karlsruhe, Dauerleihgabe aus Privatbesitz","Staatliches Museum für Naturkunde Karlsruhe, Dauerleihgabe aus Privatbesitz"
"das-oberland","Das Oberland zwischen Freiburg und Basel","/objekte/das-oberland/","Bilder/1/1_00_01_hero_image_Wiesental_BLB.webp","Mit freundlicher Genehmigung der Badischen Landesbibliothek Karlsruhe; Bearbeitung: Ausschnitt","","Badische Landesbibliothek, Karlsruhe","Badische Landesbibliothek, Karlsruhe"
"der-proteuserschwur","Der Proteuserschwur","/objekte/der-proteuserschwur/","Bilder/5/BuP_5_Slide_2_IMage_1_Chr_Meichelt_Prot_Bund_Dreil._Mus._Loerrach.webp | Bilder/5/GrPHe_35_Proteuserbund.webp","Mit freundlicher Genehmigung des Dreiländermuseums Lörrach","","Dreiländermuseum Lörrach","Dreiländermuseum Lörrach"
"ebel-schweitz","Anleitung, auf die nützlichste und genussvollste Art die Schweitz zu bereisen","/objekte/ebel-schweitz/","Bilder/1/1_08_01_Ebel_8_TSS.webp | Bilder/1/1_08_02_Ebel_5_TSS.webp | Bilder/1/1_08_Objektseite_Ebel_Doppelseite.webp","CC BY-NC 4.0","https://creativecommons.org/licenses/by-nc/4.0/legalcode.en","Hebel-Archiv Heidelberg","Hebel-Archiv Heidelberg"
"ehrenpromotion","Urkunde der Ehrenpromotion Johann Peter Hebels","/objekte/ehrenpromotion/","Bilder/4/4.X_01b_Urkunde_Ehrenpromotion_Uni_Archiv_HD.webp","Mit freundlicher Genehmigung des Universitätsarchivs Heidelberg","","Universitätsarchiv Heidelberg","Universitätsarchiv Heidelberg"
"fischmarkt-strassburg","Ansicht des Fischmarkts in Straßburg","/objekte/fischmarkt-strassburg/","Bilder/1/1_09_01_Marche_aux_poissons_Strasbourg.webp","Gemeinfreies Werk; BNU-Digitalisat unter Licence Ouverte 2.0","https://www.etalab.gouv.fr/licence-ouverte-open-licence/","Bibliothèque nationale et universitaire de Strasbourg","Bibliothèque nationale et universitaire de Strasbourg"
"gedichtverzeichnis","Eigenhändiges Gedichtverzeichnis (Titel, Verszahl und potenzieller Druckumfang)","/objekte/gedichtverzeichnis/","Bilder/2-1/2.1_04_Gedichtverzeichnis_BLB.webp","Public Domain Mark 1.0","https://creativecommons.org/publicdomain/mark/1.0/deed.de","","Badische Landesbibliothek Karlsruhe"
"gespenst-an-der-kanderer-strasse","Frühe eigenhändige Version des Gespensts an der Kanderer Straße, erste Seite","/objekte/gespenst-an-der-kanderer-strasse/","Bilder/2-1/2.1_03_01_Gespenst_u_Marktweiber_H1_BLB.webp | Bilder/2-1/2.1_03_01a_Gespenst_H1_BLB.webp","Mit freundlicher Genehmigung der Badischen Landesbibliothek Karlsruhe","","Badische Landesbibliothek Karlsruhe","Badische Landesbibliothek Karlsruhe"
"girardet-hebels-allemannische-gedichte","Friedrich Girardet: Hebels Allemannische Gedichte","/objekte/girardet-hebels-allemannische-gedichte/","Bilder/2-3/2.3_00_Girardet1_TSS.webp | Bilder/2-3/2.3_04_1_Girardet_TSS.webp | Bilder/2-3/2.3_04_2_Girardet_TSS.webp","CC BY-NC 4.0; Bearbeitung: Ausschnitt","https://creativecommons.org/licenses/by-nc/4.0/legalcode.en","Hebel-Archiv Heidelberg","Hebel-Archiv Heidelberg"
"goethe-rezension-allemannische-gedichte","Goethes Rezension der Allemannischen Gedichte in der Jenaischen Allgemeinen Literatur-Zeitung","/objekte/goethe-rezension-allemannische-gedichte/","Bilder/2-1/2.1_01_1_AG_1803_und_ALZ_TSS.webp | Bilder/2-1/2.1_01_02_Goethe_ALZ_01.webp | Bilder/2-3/2.3_01_1_ALZ_Goethe_TSS.webp","CC BY-NC 4.0","https://creativecommons.org/licenses/by-nc/4.0/legalcode.en","Hebel-Archiv Heidelberg","Hebel-Archiv Heidelberg"
"gustave-fecht-mit-hahn","Gustave Fecht mit Hahn","/objekte/gustave-fecht-mit-hahn/","Bilder/6-1/6.1_00_01_Gustave_mit_Hahn_Ausschnitt_Weil.webp | Bilder/6-1/6.1_01_01_Gustave_mit_Hahn_Weil.webp","Mit freundlicher Genehmigung des Städtischen Museums am Lindenplatz, Weil am Rhein","","Städtisches Museum am Lindenplatz, Weil am Rhein","Städtisches Museum am Lindenplatz, Weil am Rhein"
"hamilton-nymphe","Lady Hamilton als »Nymphe die in ihrer Ruhe aufgeschreckt wird«","/objekte/hamilton-nymphe/","Bilder/6-3/6.3_01_01a_Hamilton_Rehberg_UB_Heidelberg.webp","Mit freundlicher Genehmigung der Universitätsbibliothek Heidelberg","","Universitätsbibliothek Heidelberg","Universitätsbibliothek Heidelberg"
"hebel-baustlicher","Doppelbildnis Johann Peter Hebel mit Elisabeth Baustlicher","/objekte/hebel-baustlicher/","Bilder/6/6_00_01_hero_image_Hebel_und_Elisabeth_Baustlicher_Basel.webp","CC BY-SA 4.0; Bearbeitung: Ausschnitt","https://creativecommons.org/licenses/by-sa/4.0/deed.de","Historisches Museum Basel","Historisches Museum Basel"
"hebel-briefmarken","Hebel-Briefmarken","/objekte/hebel-briefmarken/","Bilder/7/7_01_01_APH_93_Briefmarken_Loerrach.webp","Mit freundlicher Genehmigung des Dreiländermuseums Lörrach","","Dreiländermuseum Lörrach","Dreiländermuseum Lörrach"
"hebel-haus-hausen","Zeichnung vom Hebel-Haus in Hausen","/objekte/hebel-haus-hausen/","Bilder/1/1_02_01_Hebelhaus_Schopfheim.webp","Gemeinfrei (Public Domain)","https://creativecommons.org/publicdomain/mark/1.0/deed.de","","Museum Schopfheim"
"hebel-kupferstich","Johann Peter Hebel, Kupferstich","/objekte/hebel-kupferstich/","Bilder/6-1/6.1_03_03_Mueller-Kupferstich_Kunsthalle_KA.webp","CC0 1.0; Bearbeitung: Ausschnitt","https://creativecommons.org/publicdomain/zero/1.0/deed.de","Staatliche Kunsthalle Karlsruhe","Staatliche Kunsthalle Karlsruhe"
"hebel-lithographie-dritte-serie","Johann Peter Hebel, Lithographie (dritte Serie)","/objekte/hebel-lithographie-dritte-serie/","Bilder/6-1/6.1_03_02_Agricola_Abzug_dritte_Serie_TSS.webp","CC BY-NC 4.0","https://creativecommons.org/licenses/by-nc/4.0/legalcode.en","Hebel-Archiv Heidelberg","Hebel-Archiv Heidelberg"
"hebel-lithographie-erste-serie","Johann Peter Hebel, Lithographie (erste Serie)","/objekte/hebel-lithographie-erste-serie/","Bilder/6-1/6.1_03_01_Agricola_Abzug_erste_Serie_TSS.webp","CC BY-NC 4.0","https://creativecommons.org/licenses/by-nc/4.0/legalcode.en","Hebel-Archiv Heidelberg","Hebel-Archiv Heidelberg"
"hebelbueste-peterskirche","Fotografie der Hebelbüste vor der Peterskirche, Basel","/objekte/hebelbueste-peterskirche/","Bilder/4/Theo_4_Hero_Image_Hebelbueste_Basel_Max_Leu.webp","CC BY-SA 3.0","https://creativecommons.org/licenses/by-sa/3.0/deed.de","Max Leu (Bildhauer), EinDao (Fotograf)","Wikipedia"
"hebels-stammbuch","Hebels Stammbuch, 1777–1781","/objekte/hebels-stammbuch/","Bilder/1/1_05_01_Stammbuch_Rheinwald_BLB.webp | Bilder/1/1_05_02_Stammbuch_Walch_BLB.webp","Public Domain Mark 1.0; Bearbeitung: Freigestellt","https://creativecommons.org/publicdomain/mark/1.0/deed.de","","Badische Landesbibliothek, Karlsruhe"
"hendel-stammbuch","Hebels Eintrag in Henriette Hendels Stammbuch","/objekte/hendel-stammbuch/","Bilder/6-3/6.3_02_01c_Hebel_Stammbucheintrag_OeNB_Wien.webp","No Copyright – Non-Commercial Use Only (NoC-NC 1.0)","https://rightsstatements.org/page/NoC-NC/1.0/?language=de","Österreichische Nationalbibliothek Wien","Österreichische Nationalbibliothek Wien"
"henriette-hendel","Porträt Henriette Hendel","/objekte/henriette-hendel/","Bilder/6-3/6.3_02_01a_Portrait_Hendel_Peroux_UB_Frankfurt.webp","Mit freundlicher Genehmigung der Universitätsbibliothek J. C. Senckenberg Frankfurt","","Universitätsbibliothek Johann Christian Senckenberg (Frankfurt am Main)","Universitätsbibliothek Johann Christian Senckenberg (Frankfurt am Main)"
"henriette-hendel-agrippina","Henriette Hendel als Agrippina","/objekte/henriette-hendel-agrippina/","Bilder/6-3/6.3_01_00_Hendel_Portrait.webp","CC BY-NC 4.0","https://creativecommons.org/licenses/by-nc/4.0/legalcode.en","Hebel-Archiv Heidelberg","Hebel-Archiv Heidelberg"
"henriette-hendel-ariadne","Henriette Hendel als »[Ariadne], als Theseus sie verläßt«","/objekte/henriette-hendel-ariadne/","Bilder/6-3/6.3_01_01b_Hendel_Peroux_UB_Frankfurt.webp","Mit freundlicher Genehmigung der Universitätsbibliothek J. C. Senckenberg Frankfurt","","Universitätsbibliothek Johann Christian Senckenberg (Frankfurt am Main)","Universitätsbibliothek Johann Christian Senckenberg (Frankfurt am Main)"
"henriette-hendel-caryatide","Henriette Hendel als Caryatide","/objekte/henriette-hendel-caryatide/","Bilder/6-3/6.3_02_01b_Hendel_Caryatide_Peroux_UB_Frankfurt.webp","Mit freundlicher Genehmigung der Universitätsbibliothek J. C. Senckenberg Frankfurt","","Universitätsbibliothek Johann Christian Senckenberg (Frankfurt am Main)","Universitätsbibliothek Johann Christian Senckenberg (Frankfurt am Main)"
"hexlein-abschrift","Abschrift von fremder alter Hand einer frühen Version von Hebels Hexlein unter dem Titel E verhexte Burst","/objekte/hexlein-abschrift/","Bilder/2-1/2.1_02_02a+b_Hexlein_Hitzig_BLB.webp | Bilder/2-1/2.1_02_02a_Hexlein_aus_Hebel_Hitzig_BLB_K_1216_01.webp | Bilder/2-1/2.1_02_02b_Hexlein_aus_Hebel_Hitzig_BLB_K_1216_02.webp","Public Domain Mark 1.0","https://creativecommons.org/publicdomain/mark/1.0/deed.de","","Badische Landesbibliothek Karlsruhe"
"hoffmann-deutschlands-flora","Deutschlands Flora oder Botanisches Taschenbuch. Zweyter Theil: Cryptogamie","/objekte/hoffmann-deutschlands-flora/","Bilder/6-1/6.1_02_02_Hoffmann_Flora2_Titel.webp | Bilder/6-1/6.1_02_03_Hoffmann_Flora2-136.webp","Public Domain Mark 1.0; Bearbeitungen: Bildmontage des Titelkupfers und des Titelblatts; Ausschnitt","https://creativecommons.org/publicdomain/mark/1.0/deed.de","","Wellcome Collection"
"holzstich-karfunkel","Holzstich zum Karfunkel nach einer Zeichnung von Ludwig Richter","/objekte/holzstich-karfunkel/","Bilder/2-2/2.2_03_Richter_Karfunkel_Holzstich_1851_TSS.webp","CC BY-NC 4.0","https://creativecommons.org/licenses/by-nc/4.0/legalcode.en","Hebel-Archiv Heidelberg","Hebel-Archiv Heidelberg"
"illustration-die-wiese","Illustration zum Gedicht „Die Wiese“ aus den Allemannischen Gedichten","/objekte/illustration-die-wiese/","Bilder/4/Theo_4_1_Slide_2_Illustr_Wiese_TSS.webp","CC BY-NC 4.0","https://creativecommons.org/licenses/by-nc/4.0/legalcode.en","Hebel-Archiv Heidelberg","Hebel-Archiv Heidelberg"
"iris-1804","Iris. Ein Taschenbuch für 1804","/objekte/iris-1804/","Bilder/2-3/2.3_01_2_Iris_1804_TSS.webp | Bilder/2-3/2.3_01_3_Iris_1804_TSS.webp | Bilder/2-3/2.3_01_4_Iris_1804_TSS.webp","CC BY-NC 4.0","https://creativecommons.org/licenses/by-nc/4.0/legalcode.en","Hebel-Archiv Heidelberg","Hebel-Archiv Heidelberg"
"ittners-monographia-de-schnauziis","Ittners Monographia de Schnauziis","/objekte/ittners-monographia-de-schnauziis/","Bilder/7/7_02_02_Ittner_Monographia_Schnauziae_TSS.webp","CC BY-NC 4.0","https://creativecommons.org/licenses/by-nc/4.0/legalcode.en","Hebel-Archiv Heidelberg","Hebel-Archiv Heidelberg"
"jakob-i-von-haiti","Porträt von Jakob I. von Haiti","/objekte/jakob-i-von-haiti/","Bilder/6-2/HuF_6_2_Slide_3_Portrait_de_lempereur_Jacques_dHaiti_Wikipedia.webp","CC BY-SA 4.0; Bearbeitung: Ausschnitt","https://creativecommons.org/licenses/by-sa/4.0/deed.de","NobelsaTorak","Wikipedia"
"jean-paul-richter","Porträt von Jean Paul Richter","/objekte/jean-paul-richter/","Bilder/6-2/HuF_6_2_Slide_4_JeanPaul_Gleimhaus.webp","CC BY-NC-SA 4.0","https://creativecommons.org/licenses/by-nc-sa/4.0/deed.de","Gleimhaus Halberstadt","Gleimhaus Halberstadt"
"lateinschule-schopfheim","Der innere Marktgraben mit der alten Lateinschule in Schopfheim","/objekte/lateinschule-schopfheim/","Bilder/1/1_03_01_Lateinschule_Schopfheim_Schopfheim.webp","Mit freundlicher Genehmigung des Stadtarchivs Schopfheim","","Stadtarchiv Schopfheim","Stadtarchiv Schopfheim"
"loge-karlsruher-theaterhaus","Blick zur Loge des Karlsruher Theaterhauses am Schlossplatz","/objekte/loge-karlsruher-theaterhaus/","Bilder/6-3/6.3_03_01b_Theater_Weinbrenner_Loge_Kunsthalle_KA.webp","Mit freundlicher Genehmigung der Staatlichen Kunsthalle Karlsruhe; Bearbeitung: Farbe, Helligkeit/Kontrast, Schärfe verändert","","Staatliche Kunsthalle Karlsruhe","Staatliche Kunsthalle Karlsruhe"
"marktplatz-karlsruhe","Marktplatz in Karlsruhe, Blick in Richtung Süden","/objekte/marktplatz-karlsruhe/","Bilder/1/1_07_01_Karlsruhe_Schefold.webp","Public Domain Mark 1.0 Universell","https://creativecommons.org/publicdomain/mark/1.0/deed.de","","Landesarchiv Baden-Württemberg; Generallandesarchiv Karlsruhe"
"marktweiber-in-der-stadt","Frühe eigenhändige Version der Marktweiber in der Stadt, erste Seite","/objekte/marktweiber-in-der-stadt/","Bilder/2-1/2.1_03_01_Gespenst_u_Marktweiber_H1_BLB.webp | Bilder/2-1/2.1_03_01b_Marktweiber_H1_BLB.webp","Mit freundlicher Genehmigung der Badischen Landesbibliothek Karlsruhe","","Badische Landesbibliothek Karlsruhe","Badische Landesbibliothek Karlsruhe"
"morgenblatt-fuer-gebildete-staende-1810","Morgenblatt für gebildete Stände","/objekte/morgenblatt-fuer-gebildete-staende-1810/","Bilder/3/3_05_01_Morgenblatt_TSS.webp","CC BY-NC 4.0; Bearbeitung: Ausschnitt","https://creativecommons.org/licenses/by-nc/4.0/legalcode.en","Hebel-Archiv Heidelberg","Hebel-Archiv Heidelberg"
"nisle-geisterbesuch","Lithographie zu Hebels Geisterbesuch auf dem Feldberg","/objekte/nisle-geisterbesuch/","Bilder/2-1/2.1_06_02_Jenner_u_Spinne_u_Nisle.webp | Bilder/2-1/2.1_06_02b_JNisle_Geisterbesuch.webp","CC BY-NC 4.0","https://creativecommons.org/licenses/by-nc/4.0/legalcode.en","Hebel-Archiv Heidelberg","Hebel-Archiv Heidelberg"
"nisle-hans-und-verene","Lithographie zu Hans und Verene von Julius Nisle","/objekte/nisle-hans-und-verene/","Bilder/2-2/2.2_05_Nisle_Hans_und_Verene_1837_SSB_Augsburg.webp","Nicht-kommerzielle Nutzung gestattet","","Staats- und Stadtbibliothek Augsburg","Staats- und Stadtbibliothek Augsburg"
"nisle-hexlein","Lithographie zum Hexlein von Julius Nisle","/objekte/nisle-hexlein/","Bilder/2-2/2.2_07_Nisle_Hexlein_1845_TSS.webp","CC BY-NC 4.0","https://creativecommons.org/licenses/by-nc/4.0/legalcode.en","Hebel-Archiv Heidelberg","Hebel-Archiv Heidelberg"
"nisle-karfunkel","Lithographie von Julius Nisle zum Karfunkel","/objekte/nisle-karfunkel/","Bilder/2-2/2.2_02_Nisle_Karfunkel_Litho_1845_TSS.webp","CC BY-NC 4.0","https://creativecommons.org/licenses/by-nc/4.0/legalcode.en","Hebel-Archiv Heidelberg","Hebel-Archiv Heidelberg"
"nisle-statthalter-von-schopfheim","Lithographie zum Statthalter von Schopfheim von Julius Nisle","/objekte/nisle-statthalter-von-schopfheim/","Bilder/2-2/2.2_09_Nisle_Statthalter_1845_AB.webp","Mit freundlicher Genehmigung des privaten Leihgebers","","Privatbesitz","Privatbesitz"
"rechenbuch","Johann Jacob Hebels Rechenbuch","/objekte/rechenbuch/","Bilder/3/3_02_01_Rechenbuch_TSS.webp | Bilder/3/3_02_02_Hebel_K05_Neue_Aufgaben_TSS.webp","Public Domain Mark 1.0; Bearbeitung: Freigestellt","https://creativecommons.org/publicdomain/mark/1.0/deed.de","","Badische Landesbibliothek, Karlsruhe"
"reinhard-hans-und-verene","Radierung zu Hans und Verene von Sophie Reinhard","/objekte/reinhard-hans-und-verene/","Bilder/2-2/2.2_04_Reinhard_Hans_und_Verene_1820_TSS.webp","CC BY-NC 4.0","https://creativecommons.org/licenses/by-nc/4.0/legalcode.en","Hebel-Archiv Heidelberg","Hebel-Archiv Heidelberg"
"reinhard-hexlein","Radierung zum Hexlein von Sophie Reinhard","/objekte/reinhard-hexlein/","Bilder/2-2/2.2_06_Reinhard_Hexlein_1820_TSS.webp","CC BY-NC 4.0","https://creativecommons.org/licenses/by-nc/4.0/legalcode.en","Hebel-Archiv Heidelberg","Hebel-Archiv Heidelberg"
"reinhard-statthalter-von-schopfheim","Radierung zum Statthalter von Schopfheim von Sophie Reinhard","/objekte/reinhard-statthalter-von-schopfheim/","Bilder/2-2/2.2_08_Reinhard_Statthalter_1820_TSS.webp","CC BY-NC 4.0","https://creativecommons.org/licenses/by-nc/4.0/legalcode.en","Hebel-Archiv Heidelberg","Hebel-Archiv Heidelberg"
"rezension-alz-1790","Rezension v. Plessings Versuche zur Aufklärung der Philosophie des ältesten Alterthums","/objekte/rezension-alz-1790/","Bilder/5/Leeres_Nichts_Parmenides_Lupe.webp","CC BY-NC 4.0; Bearbeitung: Freistellung u. Komposition","https://creativecommons.org/licenses/by-nc/4.0/legalcode.en","Hebel-Archiv Heidelberg","Hebel-Archiv Heidelberg"
"rheinlaendischer-hausfreund-1811","Holzschnitt zum »Unverhofften Wiedersehen«","/objekte/rheinlaendischer-hausfreund-1811/","Bilder/3/3_00_01_Hebel_K11_Unverhofftes_Wiedersehen_TSS.webp","CC BY-NC 4.0; Bearbeitung: Ausschnitt","https://creativecommons.org/licenses/by-nc/4.0/legalcode.en","Hebel-Archiv Heidelberg","Hebel-Archiv Heidelberg"
"rheinlaendischer-hausfreund-1814-druckexemplar","Der Rheinländische Hausfreund auf das Jahr 1814","/objekte/rheinlaendischer-hausfreund-1814-druckexemplar/","Bilder/3/3_03_02_Kalender_1814-Druck_TSS.webp","CC BY-NC 4.0","https://creativecommons.org/licenses/by-nc/4.0/legalcode.en","Hebel-Archiv Heidelberg","Hebel-Archiv Heidelberg"
"rheinlaendischer-hausfreund-1814-korrekturexemplar","Der Rheinländische Hausfreund auf das Jahr 1814","/objekte/rheinlaendischer-hausfreund-1814-korrekturexemplar/","Bilder/3/3_03_01_Kalender_1814-Probe_TSS.webp","CC BY-NC 4.0","https://creativecommons.org/licenses/by-nc/4.0/legalcode.en","Hebel-Archiv Heidelberg","Hebel-Archiv Heidelberg"
"rheinlaendischer-hausfreund-1815","Unzensiertes Exemplar des Rheinländischen Hausfreundes auf das Jahr 1815","/objekte/rheinlaendischer-hausfreund-1815/","Bilder/3/3_04_02_Kalender_1815_TSS.webp | Bilder/3/3_04_03_Kalender_1815_TSS.webp","CC BY-NC 4.0","https://creativecommons.org/licenses/by-nc/4.0/legalcode.en","Hebel-Archiv Heidelberg","Hebel-Archiv Heidelberg"
"rheinlaendischer-hausfreund-titel-detail","Titelblatt des Rheinländischen Hausfreunds (Detail)","/objekte/rheinlaendischer-hausfreund-titel-detail/","Bilder/4/Theo_4_1_Slide_3_TB_Rh_Hf_TSS.webp","CC BY-NC 4.0","https://creativecommons.org/licenses/by-nc/4.0/legalcode.en","Hebel-Archiv Heidelberg","Hebel-Archiv Heidelberg"
"sassisge-singedigte-1804","C.[hristian] H.[einrich] Wolke: Düdsge ōr Sassisge Singedigte, Gravsgriften, Leder, singbare Vertelsels un wunderbare Ēventüre sunst nömt Romansen un Balladen","/objekte/sassisge-singedigte-1804/","Bilder/2-3/2.3_02_1_Wolke_TSS.webp | Bilder/2-3/2.3_02_2_Wolke_TSS.webp | Bilder/2-3/2.3_02_3_Wolke_TSS.webp","CC BY-NC 4.0","https://creativecommons.org/licenses/by-nc/4.0/legalcode.en","Hebel-Archiv Heidelberg","Hebel-Archiv Heidelberg"
"satzvorlage-carfunkel","Eigenhändige Satzvorlage des Carfunkel","/objekte/satzvorlage-carfunkel/","Bilder/2-1/2.1_07_03_Carfunkel_H2_BLB.webp | Bilder/2-1/AG_07_03a_Carfunkel_H2_herausgeschnitten.webp | Bilder/2-1/AG_07_03b_Carfunkel_H2_eingeklebt.webp","Mit freundlicher Genehmigung der Badischen Landesbibliothek Karlsruhe","","Badische Landesbibliothek Karlsruhe","Badische Landesbibliothek Karlsruhe"
"satzvorlage-freude-in-ehren","Eigenhändige Satzvorlage zu Freude in Ehren, dritte Seite","/objekte/satzvorlage-freude-in-ehren/","Bilder/2-1/2.1_06_01_FiE_u_Irrlichter_H2_BLB.webp | Bilder/2-1/2.1_06_01a_FiE_H2_BLB.webp","Mit freundlicher Genehmigung der Badischen Landesbibliothek Karlsruhe","","Badische Landesbibliothek Karlsruhe","Badische Landesbibliothek Karlsruhe"
"satzvorlage-irrlichter","Eigenhändige Satzvorlage der Irrlichter, dritte Seite","/objekte/satzvorlage-irrlichter/","Bilder/2-1/2.1_05_01a_Irrlichter_H2_u_D1.webp | Bilder/2-1/2.1_05_01a_Irrlichter_H2_Setzermarkierung.webp","Mit freundlicher Genehmigung der Badischen Landesbibliothek Karlsruhe","","Badische Landesbibliothek Karlsruhe","Badische Landesbibliothek Karlsruhe"
"satzvorlage-irrlichter-satzmanuskript","Eigenhändige Satzvorlage zu den Irrlichtern, erste Seite","/objekte/satzvorlage-irrlichter-satzmanuskript/","Bilder/2-1/2.1_06_01_FiE_u_Irrlichter_H2_BLB.webp | Bilder/2-1/2.1_06_01b_Irrlichter_H2_BLB.webp","Mit freundlicher Genehmigung der Badischen Landesbibliothek Karlsruhe","","Badische Landesbibliothek Karlsruhe","Badische Landesbibliothek Karlsruhe"
"satzvorlage-jenner","Eigenhändige Satzvorlage zum Jenner, dritte Seite","/objekte/satzvorlage-jenner/","Bilder/2-1/2.1_06_02_Jenner_u_Spinne_u_Nisle.webp | Bilder/2-1/2.1_06_02a_Jenner_H2_Schluss.webp","Mit freundlicher Genehmigung der Badischen Landesbibliothek Karlsruhe","","Badische Landesbibliothek Karlsruhe","Badische Landesbibliothek Karlsruhe"
"satzvorlage-marktweiber","Eigenhändige Satzvorlage der Marktweiber in der Stadt, dritte und vierte Seite","/objekte/satzvorlage-marktweiber/","Bilder/2-1/2.1_07_04_Marktweiber.webp | Bilder/2-1/AG_07_04a_Marktweiber_H2_Blaesithor.webp | Bilder/2-1/2.1_07_01_Marktweiber_H2_BLB.webp","Mit freundlicher Genehmigung der Badischen Landesbibliothek Karlsruhe","","Badische Landesbibliothek Karlsruhe","Badische Landesbibliothek Karlsruhe"
"satzvorlage-spinne","Eigenhändige Satzvorlage zur Spinne, erste Seite","/objekte/satzvorlage-spinne/","Bilder/2-1/2.1_06_02_Jenner_u_Spinne_u_Nisle.webp | Bilder/2-1/2.1_06_02c_JSpinne_H2_Beginn.webp","Mit freundlicher Genehmigung der Badischen Landesbibliothek Karlsruhe","","Badische Landesbibliothek Karlsruhe","Badische Landesbibliothek Karlsruhe"
"satzvorlage-wiese","Eigenhändige Satzvorlage der Wiese, sechste Seite","/objekte/satzvorlage-wiese/","Bilder/2-1/2.1_07_02_Wiese_BLB.webp | Bilder/2-1/2.1_07_02a_Wiese_H2_01_BLB.webp | Bilder/2-1/2.1_07_02b_Wiese_H2_02_BLB.webp","Mit freundlicher Genehmigung der Badischen Landesbibliothek Karlsruhe","","Badische Landesbibliothek Karlsruhe","Badische Landesbibliothek Karlsruhe"
"schatzkaestlein-erstausgabe","Schatzkästlein des rheinischen Hausfreundes, Erstausgabe 1811","/objekte/schatzkaestlein-erstausgabe/","Bilder/3/3_05_02_Schatzkaestlein_TSS.webp","CC BY-NC 4.0","https://creativecommons.org/licenses/by-nc/4.0/legalcode.en","Hebel-Archiv Heidelberg","Hebel-Archiv Heidelberg"
"schatzkaestlein-kafka","Schatzkästlein des rheinischen Hausfreundes (1859) mit handschriftlicher Widmung von Franz Kafka","/objekte/schatzkaestlein-kafka/","Bilder/3/3_06_01_Schatzkaestlein_Kafka_TSS.webp","CC BY-NC 4.0","https://creativecommons.org/licenses/by-nc/4.0/legalcode.en","Hebel-Archiv Heidelberg","Hebel-Archiv Heidelberg"
"scheffner-allemannische-lieder","Johann Georg Scheffner: J. P. Hebels allemannische Lieder","/objekte/scheffner-allemannische-lieder/","Bilder/2-3/2.3_03_1_Scheffner_TSS.webp | Bilder/2-3/2.3_03_2_Scheffner_TSS.webp | Bilder/2-3/2.3_03_3_Scheffner_TSS.webp","Mit freundlicher Genehmigung der Universitäts- und Landesbibliothek Bonn; Bearbeitung: Freigestellt","","Universitäts- und Landesbibliothek Bonn","Universitäts- und Landesbibliothek Bonn"
"schloss-roetteln","Ansicht des Schlosses Rötteln von der Nordseite mit der Aussicht nach Lörrach","/objekte/schloss-roetteln/","Bilder/1/1_04_01_Roettler_Schloss_GLA.webp","Public Domain Mark 1.0","https://creativecommons.org/publicdomain/mark/1.0/deed.de","","Generallandesarchiv, Karlsruhe"
"sophie-haufe","Zeichnung von Sophie Haufe","/objekte/sophie-haufe/","Bilder/6-2/HuF_6_2_Slide_2_Zeichnung_Sophie_Haufe_TSS.webp","CC BY-NC 4.0","https://creativecommons.org/licenses/by-nc/4.0/legalcode.en","Hebel-Archiv Heidelberg","Hebel-Archiv Heidelberg"
"stadtkirche-karlsruhe","Die Evangelische Stadtkirche am Marktplatz in Karlsruhe","/objekte/stadtkirche-karlsruhe/","Bilder/4/4.X_01a_Stadtkirche_KA_Kunsthalle_KA.webp","Mit freundlicher Genehmigung der Staatlichen Kunsthalle Karlsruhe","","Staatliche Kunsthalle Karlsruhe","Staatliche Kunsthalle Karlsruhe"
"vade-mecum-fuer-lustige-leute","Vade Mecum für lustige Leute","/objekte/vade-mecum-fuer-lustige-leute/","Bilder/3/3_02_03_Vademecum_1774_TSS.webp","CC BY-NC 4.0","https://creativecommons.org/licenses/by-nc/4.0/legalcode.en","Hebel-Archiv Heidelberg","Hebel-Archiv Heidelberg"
"verliebter-hauensteiner","Der Verliebte Hauensteiner im Allgemeinen Intelligenz- oder Wochenblatt für das Land Breisgau und die Ortenau","/objekte/verliebter-hauensteiner/","Bilder/6-3/6.3_04_01aa_Hebel_Hauensteiner_01.webp | Bilder/6-3/6.3_04_01ab_Hebel_Hauensteiner_02.webp","Public Domain Mark 1.0; Bearbeitung: Ausschnitt der Zeitungsseite","https://creativecommons.org/publicdomain/mark/1.0/deed.de","","Universitätsbibliothek Freiburg"
"widmungsexemplar-jaeck-allemannische-gedichte","Widmungsexemplar der Allemannischen Gedichte für Jäck","/objekte/widmungsexemplar-jaeck-allemannische-gedichte/","Bilder/7/7_03_01_AG3-Jaeck1_TSS.webp | Bilder/7/7_03_02_AG3-Jaeck2_TSS.webp","CC BY-NC 4.0","https://creativecommons.org/licenses/by-nc/4.0/legalcode.en","Hebel-Archiv Heidelberg","Hebel-Archiv Heidelberg"
"widmungsgedicht-gemeinde-hausen","Handschriftliches Widmungsgedicht für die Gemeinde Hausen","/objekte/widmungsgedicht-gemeinde-hausen/","Bilder/1/1_02_02_Widmungsgedicht1_BLB.webp | Bilder/1/1_02_03_Widmungsgedicht2_BLB.webp","Mit freundlicher Genehmigung der Badischen Landesbibliothek Karlsruhe; Bearbeitung: Freigestellt","","Badische Landesbibliothek, Karlsruhe","Badische Landesbibliothek, Karlsruhe"
"wieland-danischmend","Wieland, Danischmend, Titelblatt der Ausgabe Karlsruhe 1814","/objekte/wieland-danischmend/","Bilder/2-4/2.4_01_Wieland-Nachdruck_KA_1814_AB.webp","Mit freundlicher Genehmigung des privaten Leihgebers","","Privatbesitz","Privatbesitz"
"zeichnung-hebel","Zeichnung Hebels aus einem Brief an Hitzig","/objekte/zeichnung-hebel/","Bilder/5/BuP_5_Slide2_Image_2_Zeichnung_Z_368_BLB.webp","Public Domain Mark 1.0","https://creativecommons.org/publicdomain/mark/1.0/deed.de","","Badische Landesbibliothek, Karlsruhe"
"zix-carfunkel","Kupferstich von Benjamin Zix zum Carfunkel","/objekte/zix-carfunkel/","Bilder/2-2/2.2_01_Zix_Carfunkel_Kupfer_1806_TSS.webp","CC BY-NC 4.0","https://creativecommons.org/licenses/by-nc/4.0/legalcode.en","Hebel-Archiv Heidelberg","Hebel-Archiv Heidelberg"
