Position,Objekt / Bild,Objektseiten-URL (Zum Objekt),Institution / Quelle,Status,Rechte-Status / To-do,Kommentar,Bearbeitung,Match-URL (aktuell),Match-Konfidenz
1,"Johann Peter Hebel, Kupferstich von Johann Friedrich Müller",https://ausstellung.hebel-archiv.de/objekte/mueller-johann-peter-hebel-kupferstich/,Staatliche Kunsthalle Karlsruhe,geklärt,CC0 Lizenz,Ausschnitt,,https://ausstellung.hebel-archiv.de/objekte/mueller-johann-peter-hebel-kupferstich/,hoch (URL/Slug exakt)
10.1,"Ebel, Anleitung … die Schweitz zu bereisen, Titelblatt",https://ausstellung.hebel-archiv.de/objekte/ebel-8-zuerich/,Hebel-Archiv Heidelberg – eigener Bestand,Geklärt,eigener Bestand,Frühere ETH-Bilder wurden durch Bilder aus eigenem Bestand ersetzt.,,https://ausstellung.hebel-archiv.de/objekte/ebel-8-zuerich/,hoch (URL/Slug exakt)
10.2,"Ebel, Anleitung … die Schweitz zu bereisen, weitere Ansicht",https://ausstellung.hebel-archiv.de/objekte/ebel-8-zuerich/,Hebel-Archiv Heidelberg – eigener Bestand,Geklärt,eigener Bestand,Frühere ETH-Bilder wurden durch Bilder aus eigenem Bestand ersetzt.,,https://ausstellung.hebel-archiv.de/objekte/ebel-8-zuerich/,hoch (URL/Slug exakt)
11,"Wue [sic] d'une partie du Marché aux poissons, 1790, 35 × 43,3 cm",https://ausstellung.hebel-archiv.de/objekte/marche-aux-poissons-strasbourg/,"Bibliothèque nationale et universitaire de Strasbourg, Sign. STRG.BO.423; Digitalisat via Gallica/BnF",Geklärt,gemeinfreies Werk; BNU-Digitalisat frei nachnutzbar nach Licence Ouverte; keine gesonderte Genehmigung erforderlich,"Bildnachweis: BNU Strasbourg, STRG.BO.423; Digitalisat via Gallica/BnF. Licence Ouverte / Etalab dokumentieren.",,https://ausstellung.hebel-archiv.de/objekte/marche-aux-poissons-strasbourg/,hoch (URL/Slug exakt)
6,Heinrich Meichelt / Christian Meichelt: Ansicht des Schlosses Rötteln von der Nordseite mit der Aussicht nach Lörrach,https://ausstellung.hebel-archiv.de/objekte/roettler-schloss-gla/,"Landesarchiv Baden-Württemberg, Generallandesarchiv Karlsruhe, J-B Rötteln 2",Geklärt,Public Domain Mark 1.0; keine Genehmigung erforderlich,Beim Bildnachweis Archivsignatur J-B Rötteln 2 bzw. Permalink angeben.,,https://ausstellung.hebel-archiv.de/objekte/roettler-schloss-gla/,hoch (URL/Slug exakt)
2,Das Oberland zwischen Freiburg und Basel (1833),https://ausstellung.hebel-archiv.de/objekte/wiesental-1833/,Badische Landesbibliothek Karlsruhe,Geklärt,generelle Genehmigung,Ausschnitt,,https://ausstellung.hebel-archiv.de/objekte/wiesental-1833/,hoch (URL/Slug exakt)
5,Innerer Marktgraben mit alter Lateinschule in Schopfheim,https://ausstellung.hebel-archiv.de/objekte/lateinschule-schopfheim/,Stadtarchiv Schopfheim; Bildquelle hausen.pcom,geklärt,"Stadtarchiv Schopfheim, mit Genehmigung",Genehmigung vom Stadtarchiv Schopfheim liegt vor. Wir nennen diese Institution als Leihgeber,,https://ausstellung.hebel-archiv.de/objekte/lateinschule-schopfheim/,hoch (URL/Slug exakt)
4.2,Hebels handschriftliches Widmungsgedicht an Hausen,https://ausstellung.hebel-archiv.de/objekte/widmungsgedicht-blb/,Badische Landesbibliothek Karlsruhe,Geklärt,generelle Genehmigung,freigestellt,,https://ausstellung.hebel-archiv.de/objekte/widmungsgedicht-blb/,hoch (URL/Slug exakt)
8,"Basler Straße mit Hebelgymnasium, Stadtkirche und Pfarrhaus",https://ausstellung.hebel-archiv.de/objekte/loerrach-foto/,Dreiländermuseum Lörrach,Geklärt,Genehmigung liegt vor,,,https://ausstellung.hebel-archiv.de/objekte/loerrach-foto/,hoch (URL/Slug exakt)
9,"Karl Müller nach L. Heiss: Der Marktplatz in Carlsruhe, Lithografie, 1828",https://ausstellung.hebel-archiv.de/objekte/karlsruhe-schefold/,"Landesarchiv Baden-Württemberg, Generallandesarchiv Karlsruhe, J-B Karlsruhe 74",Offen,"evtl.bisherige Schefold-Abbildung durch GLA-Digitalisat ersetzen und Bildnachweis ändern, falls Schefold als Quelle problematisch. GLA-Digitalisat ist Public Domain Mark 1.0; keine Genehmigung erforderlich; ",https://www2.landesarchiv-bw.de/ofs21/bild_zoom/zoom.php?bestand=24121&id=3469821&gewaehlteSeite=04_0001617839_0001_4-1617839-1.png&leo=1&screenbreite=1536&screenhoehe=864,,https://ausstellung.hebel-archiv.de/objekte/karlsruhe-schefold/,hoch (URL/Slug exakt)
3,"Hebels Geburtshaus am Basler Totentanz, Emanuel Büchel",https://ausstellung.hebel-archiv.de/objekte/hebel-geburtshaus-privat/,Privatbesitz Basel; Bildquelle hausen.pcom.de,geklärt,gemeinfrei,,Auschnitt,https://ausstellung.hebel-archiv.de/objekte/hebel-geburtshaus-privat/,hoch (URL/Slug exakt)
7.1,Stammbuch Hebels: Eintrag Rheinwald,https://ausstellung.hebel-archiv.de/objekte/stammbuch-blb/,Badische Landesbibliothek Karlsruhe,Geklärt,generelle Genehmigung,freigestellt,,https://ausstellung.hebel-archiv.de/objekte/stammbuch-blb/,hoch (URL/Slug exakt)
7.2,Stammbuch Hebels: Eintrag Walch,https://ausstellung.hebel-archiv.de/objekte/stammbuch-walch-blb/,Badische Landesbibliothek Karlsruhe,Geklärt,generelle Genehmigung,freigestellt,,https://ausstellung.hebel-archiv.de/objekte/stammbuch-blb/,hoch (dokumentierter Metadatenabgleich)
4.1,"Gustav Wilhelm Friesenegger: Hausen, Hebelhaus, um 1840/50",https://ausstellung.hebel-archiv.de/objekte/hebelhaus-hausen/,Museum Schopfheim / Wikimedia Commons,Geklärt,Public Domain; keine Abdruckgenehmigung erforderlich,,,https://ausstellung.hebel-archiv.de/objekte/hebelhaus-hausen/,hoch (URL/Slug exakt)
12,Originalumschlag der Erstausgabe der Allemannischen Gedichte,https://ausstellung.hebel-archiv.de/objekte/ag-1803-originalumschlag/,Hebel-Archiv Heidelberg,Geklärt,eigener Bestand,,,https://ausstellung.hebel-archiv.de/objekte/ag-1803-originalumschlag/,hoch (URL/Slug exakt)
15.2,Frühe Fassung des Hexlein,https://ausstellung.hebel-archiv.de/objekte/hexlein-fruehe-version/,Badische Landesbibliothek Karlsruhe,Geklärt,generelle Genehmigung,,,https://ausstellung.hebel-archiv.de/objekte/hexlein-abschrift-1801/,hoch (dokumentierter Metadatenabgleich)
20,"Allemannische Gedichte, Erstdruck, S. 33",https://ausstellung.hebel-archiv.de/objekte/ag-1803-seite-33/,Hebel-Archiv Heidelberg,Geklärt,eigener Bestand,,,https://ausstellung.hebel-archiv.de/objekte/ag-1803-seite-33/,hoch (URL/Slug exakt)
22.4,Letzte Änderungen nach Durchsicht der Fahnen,https://ausstellung.hebel-archiv.de/objekte/marktweiber-erstdruck/,BLB / Ausstellungskontext,Geklärt,soweit BLB-Vorlage,,,https://ausstellung.hebel-archiv.de/objekte/marktweiber-satzmanuskript-seite-3/ | https://ausstellung.hebel-archiv.de/objekte/ag-1803-seite-78/,hoch (dokumentierter Metadatenabgleich; zwei aktuelle Objekte)
13,"Allemannische Gedichte, Erstdruck, Titelblatt",https://ausstellung.hebel-archiv.de/objekte/ag-1803-titelblatt/,Hebel-Archiv Heidelberg,Geklärt,eigener Bestand,,,https://ausstellung.hebel-archiv.de/objekte/ag-1803-titelblatt/,hoch (URL/Slug exakt)
15.1,"Brief Hebel an Friedrich Wilhelm Hitzig, 6. Februar 1801",https://ausstellung.hebel-archiv.de/objekte/hebel-brief-hitzig-1801/,Badische Landesbibliothek Karlsruhe,Geklärt,generelle Genehmigung,,,https://ausstellung.hebel-archiv.de/objekte/hebel-brief-hitzig-1801/,hoch (URL/Slug exakt)
19,Satzmanuskript der Irrlichter,https://ausstellung.hebel-archiv.de/objekte/irrlichter-satzmanuskript-seite-3/,Badische Landesbibliothek Karlsruhe,Geklärt,generelle Genehmigung,,,https://ausstellung.hebel-archiv.de/objekte/irrlichter-satzmanuskript-seite-3/,hoch (URL/Slug exakt)
22.1,Satzvorlage Marktweiber in der Stadt,https://ausstellung.hebel-archiv.de/objekte/marktweiber-satzmanuskript-seite-4/,Badische Landesbibliothek Karlsruhe,Geklärt,generelle Genehmigung,,,https://ausstellung.hebel-archiv.de/objekte/marktweiber-satzmanuskript-seite-4/,hoch (URL/Slug exakt)
22.2,Satzvorlage Die Wiese,https://ausstellung.hebel-archiv.de/objekte/wiese-satzmanuskript/,Badische Landesbibliothek Karlsruhe,Geklärt,generelle Genehmigung,,,https://ausstellung.hebel-archiv.de/objekte/wiese-satzmanuskript-seite-6/,hoch (dokumentierter Metadatenabgleich)
22.3,Satzvorlage Carfunkel,https://ausstellung.hebel-archiv.de/objekte/carfunkel-satzmanuskript/,Badische Landesbibliothek Karlsruhe,Geklärt,generelle Genehmigung,,,https://ausstellung.hebel-archiv.de/objekte/carfunkel-satzmanuskript/,hoch (URL/Slug exakt)
21.2,"Satzvorlage Freude in Ehren / Irrlichter, weitere Ansicht",https://ausstellung.hebel-archiv.de/objekte/irrlichter-satzmanuskript-seite-1/,Badische Landesbibliothek Karlsruhe,Geklärt,generelle Genehmigung,,,https://ausstellung.hebel-archiv.de/objekte/irrlichter-satzmanuskript-seite-1/,hoch (URL/Slug exakt)
21.1,"Satzvorlage Freude in Ehren / Irrlichter, Ansicht 1",https://ausstellung.hebel-archiv.de/objekte/freude-in-ehren-satzmanuskript-seite-3/,Badische Landesbibliothek Karlsruhe,Geklärt,generelle Genehmigung,,,https://ausstellung.hebel-archiv.de/objekte/freude-in-ehren-satzmanuskript-seite-3/,hoch (URL/Slug exakt)
95,"Eigenhändige Satzvorlage zum Jenner, dritte Seite",https://ausstellung.hebel-archiv.de/objekte/jenner-satzmanuskript-seite-3/,Badische Landesbibliothek Karlsruhe,Geklärt,generelle Genehmigung,,,https://ausstellung.hebel-archiv.de/objekte/jenner-satzmanuskript-seite-3/,hoch (URL/Slug exakt)
97,"Eigenhändige Satzvorlage zur Spinne, erste Seite",https://ausstellung.hebel-archiv.de/objekte/spinne-satzmanuskript-seite-1/,Badische Landesbibliothek Karlsruhe,Geklärt,generelle Genehmigung,,,https://ausstellung.hebel-archiv.de/objekte/spinne-satzmanuskript-seite-1/,hoch (URL/Slug exakt)
18,Verzeichnis der Allemannischen Gedichte,https://ausstellung.hebel-archiv.de/objekte/gedichtverzeichnis-1802/,Badische Landesbibliothek Karlsruhe,Geklärt,generelle Genehmigung,,,https://ausstellung.hebel-archiv.de/objekte/gedichtverzeichnis-1802/,hoch (URL/Slug exakt)
15.3,"Frühe Fassung des Hexlein, Faltung",https://ausstellung.hebel-archiv.de/objekte/hexlein-fruehe-version/,Badische Landesbibliothek Karlsruhe,Geklärt,generelle Genehmigung,,,https://ausstellung.hebel-archiv.de/objekte/hebel-brief-hitzig-faksimile-2026/,hoch (dokumentierter Metadatenabgleich)
17,Frühe Version der Marktweiber in der Stadt,https://ausstellung.hebel-archiv.de/objekte/marktweiber-fruehe-version/,Badische Landesbibliothek Karlsruhe,Geklärt,generelle Genehmigung,,,https://ausstellung.hebel-archiv.de/objekte/marktweiber-fruehe-version/,hoch (URL/Slug exakt)
16,Frühe Version des Gespensts an der Kanderer Straße,https://ausstellung.hebel-archiv.de/objekte/gespenst-fruehe-version/,Badische Landesbibliothek Karlsruhe,Geklärt,generelle Genehmigung,,,https://ausstellung.hebel-archiv.de/objekte/gespenst-fruehe-version/,hoch (URL/Slug exakt)
14,Goethes Rezension der Allemannischen Gedichte,https://ausstellung.hebel-archiv.de/objekte/goethe-rezension-1805/,Hebel-Archiv Heidelberg,Geklärt,eigener Bestand,,,https://ausstellung.hebel-archiv.de/objekte/goethe-rezension-1805/,hoch (URL/Slug exakt)
96,Lithographie zu Hebels Geisterbesuch auf dem Feldberg,https://ausstellung.hebel-archiv.de/objekte/nisle-geisterbesuch-1845/,Hebel-Archiv Heidelberg,Geklärt,eigener Bestand,,,https://ausstellung.hebel-archiv.de/objekte/nisle-geisterbesuch-1845/,hoch (URL/Slug exakt)
25,Ludwig Richter / August Gaber: Carfunkel,https://ausstellung.hebel-archiv.de/objekte/richter-gaber-carfunkel-1850/,Hebel-Archiv Heidelberg,Geklärt,eigener Bestand,,,https://ausstellung.hebel-archiv.de/objekte/richter-gaber-carfunkel-1850/,hoch (URL/Slug exakt)
23,Benjamin Zix: Illustration zum Carfunkel,https://ausstellung.hebel-archiv.de/objekte/zix-carfunkel-1806/,Hebel-Archiv Heidelberg,Geklärt,eigener Bestand,,,https://ausstellung.hebel-archiv.de/objekte/zix-carfunkel-1806/,hoch (URL/Slug exakt)
24,Julius Nisle: Illustration zum Carfunkel,https://ausstellung.hebel-archiv.de/objekte/nisle-karfunkel-1845/,Hebel-Archiv Heidelberg,Geklärt,eigener Bestand,,,https://ausstellung.hebel-archiv.de/objekte/nisle-karfunkel-1845/,hoch (URL/Slug exakt)
27,Julius Nisle / Adolf Gnauth: Hans und Verene,https://ausstellung.hebel-archiv.de/objekte/nisle-hans-und-verene-1837/,Staats- und Stadtbibliothek Augsburg,Geklärt,non-commercial use only,,,https://ausstellung.hebel-archiv.de/objekte/nisle-hans-und-verene-1837/,hoch (URL/Slug exakt)
29,Julius Nisle: Hexlein,https://ausstellung.hebel-archiv.de/objekte/nisle-hexlein-1845/,Hebel-Archiv Heidelberg,Geklärt,eigener Bestand,,,https://ausstellung.hebel-archiv.de/objekte/nisle-hexlein-1845/,hoch (URL/Slug exakt)
31,Julius Nisle: Illustration zum Statthalter von Schopfheim,https://ausstellung.hebel-archiv.de/objekte/nisle-statthalter-1845/,Privatbesitz eines Mitarbeiters,Geklärt,Privatbesitz eines Mitarbeiters; Nutzung geklärt,Privatbesitz eines Mitarbeiters; Nutzung intern geklärt.,,https://ausstellung.hebel-archiv.de/objekte/nisle-statthalter-1845/,hoch (URL/Slug exakt)
26,Sophie Reinhard: Hans und Verene,https://ausstellung.hebel-archiv.de/objekte/reinhard-hans-und-verene-1820/,Hebel-Archiv Heidelberg,Geklärt,eigener Bestand,,,https://ausstellung.hebel-archiv.de/objekte/reinhard-hans-und-verene-1820/,hoch (URL/Slug exakt)
28,Sophie Reinhard: Hexlein,https://ausstellung.hebel-archiv.de/objekte/reinhard-hexlein-1820/,Hebel-Archiv Heidelberg,Geklärt,eigener Bestand,,,https://ausstellung.hebel-archiv.de/objekte/reinhard-hexlein-1820/,hoch (URL/Slug exakt)
30,Sophie Reinhard: Statthalter von Schopfheim,https://ausstellung.hebel-archiv.de/objekte/reinhard-statthalter-1820/,Hebel-Archiv Heidelberg,Geklärt,eigener Bestand,,,https://ausstellung.hebel-archiv.de/objekte/reinhard-statthalter-1820/,hoch (URL/Slug exakt)
33.1,"Christian Heinrich Wolke: Übersetzung, Bild 1",https://ausstellung.hebel-archiv.de/objekte/wolke-sassisge-singedigte-1804/,Hebel-Archiv Heidelberg,Geklärt,eigener Bestand,,,https://ausstellung.hebel-archiv.de/objekte/wolke-sassisge-singedigte-1804/,hoch (URL/Slug exakt)
33.2,"Christian Heinrich Wolke: Übersetzung, Bild 2",https://ausstellung.hebel-archiv.de/objekte/wolke-sassisge-singedigte-1804/,Hebel-Archiv Heidelberg,Geklärt,eigener Bestand,,,https://ausstellung.hebel-archiv.de/objekte/wolke-sassisge-singedigte-1804/,hoch (URL/Slug exakt)
33.3,"Christian Heinrich Wolke: Übersetzung, Bild 3",https://ausstellung.hebel-archiv.de/objekte/wolke-sassisge-singedigte-1804/,Hebel-Archiv Heidelberg,Geklärt,eigener Bestand,,,https://ausstellung.hebel-archiv.de/objekte/wolke-sassisge-singedigte-1804/,hoch (URL/Slug exakt)
32,Friedrich Girardet: Übersetzung,https://ausstellung.hebel-archiv.de/objekte/girardet-allemannische-gedichte-1821/,Hebel-Archiv Heidelberg,Geklärt,eigener Bestand,Ausschnitt,,https://ausstellung.hebel-archiv.de/objekte/girardet-allemannische-gedichte-1821/,hoch (URL/Slug exakt)
93,Iris. Ein Taschenbuch für 1804,https://ausstellung.hebel-archiv.de/objekte/iris-taschenbuch-1804/,Hebel-Archiv Heidelberg,Geklärt,eigener Bestand,,,https://ausstellung.hebel-archiv.de/objekte/iris-taschenbuch-1804/,hoch (URL/Slug exakt)
34.1,"Johann George Scheffners Übersetzung, Titelblatt",https://ausstellung.hebel-archiv.de/objekte/scheffner-allemannische-lieder-1811/,Universitäts- und Landesbibliothek Bonn,Geklärt,mit freundlicher Genehmigung der ULB Bonn,Genehmigung der ULB Bonn liegt vor. Freigestellt,,https://ausstellung.hebel-archiv.de/objekte/scheffner-allemannische-lieder-1811/,hoch (URL/Slug exakt)
34.2,"Johann George Scheffners Übersetzung, erste Seite der Vorrede",https://ausstellung.hebel-archiv.de/objekte/scheffner-allemannische-lieder-1811/,Universitäts- und Landesbibliothek Bonn,Geklärt,mit freundlicher Genehmigung der ULB Bonn,Genehmigung der ULB Bonn liegt vor. Freigestellt,,https://ausstellung.hebel-archiv.de/objekte/scheffner-allemannische-lieder-1811/,hoch (URL/Slug exakt)
38,"Allemanische Gedichte, 4. Auflage, Neusatz",https://ausstellung.hebel-archiv.de/objekte/allemannische-gedichte-1808-neusatz/,Hebel-Archiv Heidelberg,Geklärt,eigener Bestand,,,https://ausstellung.hebel-archiv.de/objekte/allemannische-gedichte-1808-neusatz/,hoch (URL/Slug exakt)
41,"Reutlinger Ausgabe Enßlin, 1822",https://ausstellung.hebel-archiv.de/objekte/allemannische-gedichte-ensslin-1822/,Hebel-Archiv Heidelberg,Geklärt,eigener Bestand,,,https://ausstellung.hebel-archiv.de/objekte/allemannische-gedichte-ensslin-1822/,hoch (URL/Slug exakt)
40,"Reutlinger Ausgabe Mäcken, 1821",https://ausstellung.hebel-archiv.de/objekte/allemannische-gedichte-maecken-1821/,Hebel-Archiv Heidelberg,Geklärt,eigener Bestand,,,https://ausstellung.hebel-archiv.de/objekte/allemannische-gedichte-maecken-1821/,hoch (URL/Slug exakt)
36,"Brief Hebel an Hitzig, 5. Dezember 1802",https://ausstellung.hebel-archiv.de/objekte/hebel-brief-hitzig-1802/,Badische Landesbibliothek Karlsruhe,Geklärt,generelle Genehmigung,,,https://ausstellung.hebel-archiv.de/objekte/hebel-brief-hitzig-1802/,hoch (URL/Slug exakt)
37,"Allemanische Gedichte, 4. Auflage, erster Satz",https://ausstellung.hebel-archiv.de/objekte/allemannische-gedichte-1808-erster-satz/,Hebel-Archiv Heidelberg,Geklärt,eigener Bestand,,,https://ausstellung.hebel-archiv.de/objekte/allemannische-gedichte-1808-erster-satz/,hoch (URL/Slug exakt)
39,"Allemannische Gedichte, 5. Original-Ausgabe",https://ausstellung.hebel-archiv.de/objekte/allemannische-gedichte-sauerlaender-1820/,Hebel-Archiv Heidelberg,Geklärt,eigener Bestand,,,https://ausstellung.hebel-archiv.de/objekte/allemannische-gedichte-sauerlaender-1820/,hoch (URL/Slug exakt)
35,"Wieland, Geschichte des weisen Danischmend, Titelblatt",https://ausstellung.hebel-archiv.de/objekte/wieland-danischmend-1814/,Privatbesitz eines Mitarbeiters,Geklärt,Privatbesitz eines Mitarbeiters; Nutzung geklärt,Privatbesitz eines Mitarbeiters; Nutzung intern geklärt.,,https://ausstellung.hebel-archiv.de/objekte/wieland-danischmend-1814/,hoch (URL/Slug exakt)
43,Badenscher Landkalender 1803,https://ausstellung.hebel-archiv.de/objekte/badenscher-landkalender-1803/,Hebel-Archiv Heidelberg,Geklärt,eigener Bestand,,,https://ausstellung.hebel-archiv.de/objekte/badenscher-landkalender-1803/,hoch (URL/Slug exakt)
84,Badischer Landkalender auf das Jahr 1804,https://ausstellung.hebel-archiv.de/objekte/badischer-landkalender-1804/,Hebel-Archiv Heidelberg,Geklärt,eigener Bestand,,,https://ausstellung.hebel-archiv.de/objekte/badischer-landkalender-1804/,hoch (URL/Slug exakt)
44.3,"Rechenbuch, Bild 3",https://ausstellung.hebel-archiv.de/objekte/neue-aufgaben/,Badische Landesbibliothek Karlsruhe,Geklärt,generelle Genehmigung,freigestellt,,https://ausstellung.hebel-archiv.de/objekte/badischer-landkalender-1805/,hoch (dokumentierter Metadatenabgleich)
44.4,"Rechenbuch, Bild 4",https://ausstellung.hebel-archiv.de/objekte/neue-aufgaben/,Badische Landesbibliothek Karlsruhe,Geklärt,generelle Genehmigung,freigestellt,,https://ausstellung.hebel-archiv.de/objekte/badischer-landkalender-1805/,hoch (dokumentierter Metadatenabgleich)
46.1,"Brief an Kölle, 25. Oktober 1814",https://ausstellung.hebel-archiv.de/objekte/brief-an-koelle-1814/,Badische Landesbibliothek Karlsruhe,Geklärt,generelle Genehmigung,,,https://ausstellung.hebel-archiv.de/objekte/brief-an-koelle-1814/,hoch (URL/Slug exakt)
42,Holzschnitt zum Unverhofften Wiedersehen,https://ausstellung.hebel-archiv.de/objekte/rheinlaendischer-hausfreund-1811/,Hebel-Archiv Heidelberg,Geklärt,eigener Bestand,Ausschnitt,,https://ausstellung.hebel-archiv.de/objekte/rheinlaendischer-hausfreund-1811/,hoch (URL/Slug exakt)
45.1,"Rheinländischer Hausfreund 1814, Probedruck, Ansicht 1",https://ausstellung.hebel-archiv.de/objekte/rheinlaendischer-hausfreund-1814-korrekturexemplar/,Hebel-Archiv Heidelberg,Geklärt,eigener Bestand,,,https://ausstellung.hebel-archiv.de/objekte/rheinlaendischer-hausfreund-1814-korrekturexemplar/,hoch (URL/Slug exakt)
45.2,"Rheinländischer Hausfreund 1814, Probedruck, Ansicht 2",https://ausstellung.hebel-archiv.de/objekte/rheinlaendischer-hausfreund-1814-druck/,Hebel-Archiv Heidelberg,Geklärt,eigener Bestand,,,https://ausstellung.hebel-archiv.de/objekte/rheinlaendischer-hausfreund-1814-druckexemplar/,hoch (dokumentierter Metadatenabgleich)
44.1,"Johann Jacob Hebels Rechenbuch, Bild 1",https://ausstellung.hebel-archiv.de/objekte/johann-jacob-hebels-rechenbuch/,Badische Landesbibliothek Karlsruhe,Geklärt,generelle Genehmigung,freigestellt,,https://ausstellung.hebel-archiv.de/objekte/johann-jacob-hebels-rechenbuch/,hoch (URL/Slug exakt)
44.2,"Rechenbuch, Bild 2",https://ausstellung.hebel-archiv.de/objekte/johann-jacob-hebels-rechenbuch/,Badische Landesbibliothek Karlsruhe,Geklärt,generelle Genehmigung,freigestellt,,https://ausstellung.hebel-archiv.de/objekte/johann-jacob-hebels-rechenbuch/,hoch (URL/Slug exakt)
47.1,Cottas Anzeige des Schatzkästleins,https://ausstellung.hebel-archiv.de/objekte/morgenblatt-fuer-gebildete-staende-1810/,Hebel-Archiv / TSS,Geklärt,soweit eigener Bestand,"eigener Bestand, Ausschnitt",,https://ausstellung.hebel-archiv.de/objekte/morgenblatt-fuer-gebildete-staende-1810/,hoch (URL/Slug exakt)
48,Kafkas Exemplar des Schatzkästleins,https://ausstellung.hebel-archiv.de/objekte/schatzkaestlein-kafka-hardt/,Hebel-Archiv Heidelberg,Geklärt,eigener Bestand,,,https://ausstellung.hebel-archiv.de/objekte/schatzkaestlein-kafka-hardt/,hoch (URL/Slug exakt)
47.2,"Schatzkästlein, weitere Ansicht",https://ausstellung.hebel-archiv.de/objekte/schatzkaestlein-1811/,Hebel-Archiv / TSS,Geklärt,soweit eigener Bestand,eigener Bestand,,https://ausstellung.hebel-archiv.de/objekte/schatzkaestlein-erstausgabe-1811/,hoch (dokumentierter Metadatenabgleich)
46.2,"Rheinländischer Hausfreund 1815, Kalenderexemplar",https://ausstellung.hebel-archiv.de/objekte/rheinlaendischer-hausfreund-1815-unzensiert/,Hebel-Archiv Heidelberg / eigener Bestand,Geklärt,eigener Bestand,,,https://ausstellung.hebel-archiv.de/objekte/rheinlaendischer-hausfreund-1815-unzensiert/,hoch (URL/Slug exakt)
46.3,Dritte Ansicht ‚unglücklicher Kalender‘,https://ausstellung.hebel-archiv.de/objekte/rheinlaendischer-hausfreund-1815-unzensiert/,Hebel-Archiv Heidelberg / eigener Bestand,Geklärt,eigener Bestand,,,https://ausstellung.hebel-archiv.de/objekte/rheinlaendischer-hausfreund-1815-unzensiert/,hoch (URL/Slug exakt)
83,Vade Mecum für lustige Leute,https://ausstellung.hebel-archiv.de/objekte/vade-mecum-fuer-lustige-leute-1774/,Hebel-Archiv Heidelberg,Geklärt,eigener Bestand,,,https://ausstellung.hebel-archiv.de/objekte/vade-mecum-fuer-lustige-leute-1774/,hoch (URL/Slug exakt)
53.1,"Evangelische Stadtkirche Karlsruhe, Ansicht 1",https://ausstellung.hebel-archiv.de/objekte/evangelische-stadtkirche-karlsruhe/,Staatliche Kunsthalle Karlsruhe,Geklärt,Genehmigung der Kunsthalle KA,,,https://ausstellung.hebel-archiv.de/objekte/evangelische-stadtkirche-karlsruhe/,hoch (URL/Slug exakt)
49,Hebelbüste vor der Peterskirche Basel,https://ausstellung.hebel-archiv.de/objekte/hebelbueste-basel/,Wikimedia,geklärt,Creative Commons Attribution-Share Alike 3.0 Unported,,,https://ausstellung.hebel-archiv.de/objekte/hebelbueste-basel/,hoch (URL/Slug exakt)
50,Fotografie des Belchen,https://ausstellung.hebel-archiv.de/objekte/belchen-fotografie/,Wikimedia,geklärt,Creative Commons Attribution-Share Alike 3.0 Unported,,,https://ausstellung.hebel-archiv.de/objekte/belchen-fotografie/,hoch (URL/Slug exakt)
51,Abbildung zum Polytheismusbrief,https://ausstellung.hebel-archiv.de/objekte/illustration-wiese/,Hebel-Archiv Heidelberg,Geklärt,eigener Bestand,,,https://ausstellung.hebel-archiv.de/objekte/illustration-wiese/,hoch (URL/Slug exakt)
54,Grüner Umschlag der Biblischen Geschichten,https://ausstellung.hebel-archiv.de/objekte/biblische-geschichten-umschlag-recto/,Hebel-Archiv Heidelberg,Geklärt,eigener Bestand,,,https://ausstellung.hebel-archiv.de/objekte/biblische-geschichten-umschlag-recto/,hoch (URL/Slug exakt)
52,"Rheinländischer Hausfreund 1815, Titelblattdetail",https://ausstellung.hebel-archiv.de/objekte/titelblatt-rheinlaendischer-hausfreund/,Hebel-Archiv Heidelberg,Geklärt,eigener Bestand,,,https://ausstellung.hebel-archiv.de/objekte/titelblatt-rheinlaendischer-hausfreund/,hoch (URL/Slug exakt)
53.2,"Badische Kirchenunion, zweite Ansicht",https://ausstellung.hebel-archiv.de/objekte/urkunde-ehrenpromotion-hebel/,Universitätsarchiv Heidelberg,Geklärt,Genehmigung des Uni-Archivs HD,,,https://ausstellung.hebel-archiv.de/objekte/urkunde-ehrenpromotion-hebel/,hoch (URL/Slug exakt)
55,Studierender Putto,https://ausstellung.hebel-archiv.de/objekte/biblische-geschichten-umschlag-verso/,Hebel-Archiv Heidelberg,Geklärt,eigener Bestand,,,https://ausstellung.hebel-archiv.de/objekte/biblische-geschichten-umschlag-verso/,hoch (URL/Slug exakt)
56.1,Christian Meichelt: Federzeichnung des Proteuserbunds,https://ausstellung.hebel-archiv.de/objekte/proteuserschwur-1812/,Dreiländermuseum Lörrach,Geklärt,Genehmigung liegt vor,,,https://ausstellung.hebel-archiv.de/objekte/proteuserschwur-1812/,hoch (URL/Slug exakt)
58,Christian Meichelt: Federzeichnung / Proteuserschwur,https://ausstellung.hebel-archiv.de/objekte/proteuserschwur-1812/,Dreiländermuseum Lörrach,Geklärt,Genehmigung liegt vor; Quelle gegenüber früherer Fassung geändert,,,https://ausstellung.hebel-archiv.de/objekte/proteuserschwur-1812/,hoch (URL/Slug exakt)
59,"Rezension zur Proteuserphilosophie, Foto Li Wen Kuo",https://ausstellung.hebel-archiv.de/objekte/alz-rezension-1790-lupe/,TSS / Theodor Springmann Stiftung,geklärt,Foto von eigener Mitarbeiterin,,,https://ausstellung.hebel-archiv.de/objekte/alz-rezension-1790-lupe/,hoch (URL/Slug exakt)
57,Allmanach des Proteus-Zeichens,https://ausstellung.hebel-archiv.de/objekte/titelblatt-allmanach-proteus-1791/,Badische Landesbibliothek Karlsruhe,Geklärt,generelle Genehmigung,,,https://ausstellung.hebel-archiv.de/objekte/titelblatt-allmanach-proteus-1791/,hoch (URL/Slug exakt)
98,Zeichnung Hebels aus Z 368,https://ausstellung.hebel-archiv.de/objekte/zeichnung-hebel-z-368-1813/,Badische Landesbibliothek Karlsruhe,Geklärt,generelle Genehmigung,,,https://ausstellung.hebel-archiv.de/objekte/zeichnung-hebel-z-368-1813/,hoch (URL/Slug exakt)
60,Zwischen Hebel und Vreneli steht die Kirche,https://ausstellung.hebel-archiv.de/objekte/agricola-hebel-baustlicher-1814/,Historisches Museum Basel,geklärt,lizenziert unter der Creative-Commons-Lizenz „Namensnennung – Weitergabe unter gleichen Bedingungen 4.0 international“,Ausschnitt,,https://ausstellung.hebel-archiv.de/objekte/agricola-hebel-baustlicher-1814/,hoch (URL/Slug exakt)
62.2,"Hoffmann, Deutschlands Flora, Bild 1",https://ausstellung.hebel-archiv.de/objekte/hoffmann-deutschlands-flora-cryptogamie-1796/,Wellcome Collection,Geklärt,Public Domain Mark (You can use this work for any purpose without restriction under copyright law),Bildmontage des Titelkupfers und des Titelblattes,,https://ausstellung.hebel-archiv.de/objekte/hoffmann-deutschlands-flora-cryptogamie-1796/,hoch (URL/Slug exakt)
62.3,"Hoffmann, Deutschlands Flora, Bild 2",https://ausstellung.hebel-archiv.de/objekte/hoffmann-deutschlands-flora-cryptogamie-1796/,Wellcome Collection,geklärt,Public Domain Mark (You can use this work for any purpose without restriction under copyright law),Ausschnitt,,https://ausstellung.hebel-archiv.de/objekte/hoffmann-deutschlands-flora-cryptogamie-1796/,hoch (URL/Slug exakt)
61,Gustave Fecht mit Hahn,https://ausstellung.hebel-archiv.de/objekte/gustave-fecht-mit-hahn/,"Städtisches Museum am Lindenplatz, Weil am Rhein",Geklärt,mit freundlicher Genehmigung des Museums,Genehmigung des Museums liegt vor.,,https://ausstellung.hebel-archiv.de/objekte/gustave-fecht-mit-hahn/,hoch (URL/Slug exakt)
63.2,"Johann Peter Hebel, Lithographie, dritte Serie",https://ausstellung.hebel-archiv.de/objekte/agricola-johann-peter-hebel-dritte-serie/,Hebel-Archiv Heidelberg,Geklärt,eigener Bestand,,,https://ausstellung.hebel-archiv.de/objekte/agricola-johann-peter-hebel-dritte-serie/,hoch (URL/Slug exakt)
63.1,"Johann Peter Hebel, Lithographie, erste Serie",https://ausstellung.hebel-archiv.de/objekte/agricola-johann-peter-hebel-erste-serie/,Hebel-Archiv Heidelberg,Geklärt,eigener Bestand,,,https://ausstellung.hebel-archiv.de/objekte/agricola-johann-peter-hebel-erste-serie/,hoch (URL/Slug exakt)
62.1,"Carl Christian Gmelin, Gemälde von Ott, um 1800",https://ausstellung.hebel-archiv.de/objekte/carl-christian-gmelin-portraet/,"Staatliches Museum für Naturkunde Karlsruhe, Dauerleihgabe aus Privatbesitz",geklärt,Nutzungsgenehmigung vom Staatlichen Museum für Naturkunde und vom Eigentümer erteilt. ,,,https://ausstellung.hebel-archiv.de/objekte/carl-christian-gmelin-portraet/,hoch (URL/Slug exakt)
65,Landolin Ohmacht: Alabasterrelief Sophie Haufe,https://ausstellung.hebel-archiv.de/objekte/ohmacht-alabasterrelief-sophie-haufe/,Hebel-Archiv Heidelberg,Geklärt,eigener Bestand,,,https://ausstellung.hebel-archiv.de/objekte/ohmacht-alabasterrelief-sophie-haufe/,hoch (URL/Slug exakt)
67,Porträt Jakob I. von Haiti,https://ausstellung.hebel-archiv.de/objekte/portraet-jakob-i-von-haiti/,NobelsaTorak / Wikimedia Commons,Geklärt,CC BY-SA 4.0; Namensnennung und Lizenzangabe,,Ausschnitt,https://ausstellung.hebel-archiv.de/objekte/portraet-jakob-i-von-haiti/,hoch (URL/Slug exakt)
68,Heinrich Pfenninger: Porträt Jean Paul,https://ausstellung.hebel-archiv.de/objekte/pfenninger-portraet-jean-paul-richter/,Gleimhaus Halberstadt,Geklärt,CC BY-NC-SA 4.0; nicht-kommerzielle Nutzung,,,https://ausstellung.hebel-archiv.de/objekte/pfenninger-portraet-jean-paul-richter/,hoch (URL/Slug exakt)
66,Sophie Haufes Memoiren / Zeichnung,https://ausstellung.hebel-archiv.de/objekte/zeichnung-sophie-haufe/,Hebel-Archiv Heidelberg,Geklärt,eigener Bestand,,,https://ausstellung.hebel-archiv.de/objekte/zeichnung-sophie-haufe/,hoch (URL/Slug exakt)
86,Anzeige für das Hotel Erbprinz,https://ausstellung.hebel-archiv.de/objekte/wagner-anzeige-hotel-erbprinz/,Stadtarchiv Karlsruhe,Offen,Genehmigung des Stadtarchivs Karlsruhe einholen,Signatur 8/PBS XIVe 205,Ausschnitt,https://ausstellung.hebel-archiv.de/objekte/wagner-anzeige-hotel-erbprinz/,hoch (URL/Slug exakt)
69.3,"Pietro Antonio Novelli: The Attitudes of Lady Hamilton, 1791",https://ausstellung.hebel-archiv.de/objekte/hamilton-attituden-novelli-1791/,"National Gallery of Art, Washington, Accession Number 1988.14.1",Geklärt,Public Domain; keine Genehmigung erforderlich,"Bildnachweis: National Gallery of Art, Washington, Ailsa Mellon Bruce Fund, 1988.14.1.",,https://ausstellung.hebel-archiv.de/objekte/hamilton-attituden-novelli-1791/,hoch (URL/Slug exakt)
71,Blick auf die Bühne des Karlsruher Theaterhauses,https://ausstellung.hebel-archiv.de/objekte/weinbrenner-karlsruher-theater-buehne-1806/,Staatliche Kunsthalle Karlsruhe,Geklärt,Genehmigung der Kunsthalle KA,Ausschnitt,"Farbe, Halligkeit/Kontrast, Schärfe verändert",https://ausstellung.hebel-archiv.de/objekte/weinbrenner-karlsruher-theater-buehne-1806/,hoch (URL/Slug exakt)
72,Blick in den Zuschauerraum,https://ausstellung.hebel-archiv.de/objekte/weinbrenner-karlsruher-theater-loge-1806/,Staatliche Kunsthalle Karlsruhe,Geklärt,Genehmigung der Kunsthalle KA,,"Farbe, Halligkeit/Kontrast, Schärfe verändert",https://ausstellung.hebel-archiv.de/objekte/weinbrenner-karlsruher-theater-loge-1806/,hoch (URL/Slug exakt)
73.1,"Der Verliebte Hauensteiner, Bild 1",https://ausstellung.hebel-archiv.de/objekte/hebel-verliebter-hauensteiner-wochenblatt-1807/,"UB Freiburg, Freiburger Zeitung – digital",Geklärt,Public Domain Mark 1.0,Ausschnitt der Zeitungsseite,,https://ausstellung.hebel-archiv.de/objekte/hebel-verliebter-hauensteiner-wochenblatt-1807/,hoch (URL/Slug exakt)
73.2,"Der Verliebte Hauensteiner, Bild 2",https://ausstellung.hebel-archiv.de/objekte/hebel-verliebter-hauensteiner-wochenblatt-1807/,"UB Freiburg, Freiburger Zeitung – digital",Geklärt,Public Domain Mark 1.0,Ausschnitt der Zeitungsseite,,https://ausstellung.hebel-archiv.de/objekte/hebel-verliebter-hauensteiner-wochenblatt-1807/,hoch (URL/Slug exakt)
73.3,"Der Verliebte Hauensteiner, Bild 3",https://ausstellung.hebel-archiv.de/objekte/hebel-verliebter-hauensteiner-wochenblatt-1807/,"UB Freiburg, Freiburger Zeitung – digital",Geklärt,Public Domain Mark 1.0,Ausschnitt der Zeitungsseite,,https://ausstellung.hebel-archiv.de/objekte/hebel-verliebter-hauensteiner-wochenblatt-1807/,hoch (URL/Slug exakt)
73.4,"Der Verliebte Hauensteiner, Bild 4",https://ausstellung.hebel-archiv.de/objekte/hebel-verliebter-hauensteiner-wochenblatt-1807/,"UB Freiburg, Freiburger Zeitung – digital",Geklärt,Public Domain Mark 1.0,Ausschnitt der Zeitungsseite,,https://ausstellung.hebel-archiv.de/objekte/hebel-verliebter-hauensteiner-wochenblatt-1807/,hoch (URL/Slug exakt)
85,Hebels Eintrag in Henriette Hendels Stammbuch,https://ausstellung.hebel-archiv.de/objekte/hebel-stammbucheintrag-henriette-hendel/,Österreichische Nationalbibliothek Wien,Geklärt,"No Copyright – Non-Commercial Use Only (NoC-NC 1.0), https://rightsstatements.org/page/NoC-NC/1.0/?language=de",ÖNB-Digitalisat: https://data.onb.ac.at/rep/1041DDED,,https://ausstellung.hebel-archiv.de/objekte/hebel-stammbucheintrag-henriette-hendel/,hoch (URL/Slug exakt)
70.3,"Henriette Hendel, Bild 3",https://ausstellung.hebel-archiv.de/objekte/hendel-attitude/,Universitätsbibliothek J. C. Senckenberg Frankfurt,Geklärt,Genehmigung liegt vor,"""Belegexemplar"" erbeten -- also Link schicken?",,https://ausstellung.hebel-archiv.de/objekte/hendel-ariadne-peroux-ritter-1810/,hoch (dokumentierter Metadatenabgleich)
92,Henriette Hendel als Agrippina,https://ausstellung.hebel-archiv.de/objekte/hendel-schuetz-pantomimische-attituede-1812/,Hebel-Archiv Heidelberg,Geklärt,eigener Bestand,,,https://ausstellung.hebel-archiv.de/objekte/hendel-schuetz-pantomimische-attituede-1812/,hoch (URL/Slug exakt)
70.2,"Henriette Hendel, Bild 2",https://ausstellung.hebel-archiv.de/objekte/hendel-caryatide-peroux/,Universitätsbibliothek J. C. Senckenberg Frankfurt,Geklärt,Genehmigung liegt vor,"""Belegexemplar"" erbeten -- also Link schicken?",,https://ausstellung.hebel-archiv.de/objekte/hendel-caryatide-peroux-ritter-1810/,hoch (dokumentierter Metadatenabgleich)
75,Brief an Familie Haufe über Hendels Heirat,https://ausstellung.hebel-archiv.de/objekte/hebel-an-familie-haufe-april-1811/,Badische Landesbibliothek Karlsruhe,Geklärt,generelle Genehmigung,,,https://ausstellung.hebel-archiv.de/objekte/hebel-an-familie-haufe-april-1811/,hoch (URL/Slug exakt)
74,Brief: Dank für die Patenschaft der Tochter Hendels/Schütz,https://ausstellung.hebel-archiv.de/objekte/hebel-an-friedrich-karl-schuetz-1811-01-12/,Hebel-Archiv Heidelberg,Geklärt,eigener Bestand,,,https://ausstellung.hebel-archiv.de/objekte/hebel-an-friedrich-karl-schuetz-1811-01-12/,hoch (URL/Slug exakt)
87,Johann Peter Hebel an Henriette Hendel,https://ausstellung.hebel-archiv.de/objekte/hebel-an-henriette-hendel-1809-11-08/,Badische Landesbibliothek Karlsruhe,Geklärt,generelle Genehmigung,,,https://ausstellung.hebel-archiv.de/objekte/hebel-an-henriette-hendel-1809-11-08/,hoch (URL/Slug exakt)
69.1,"Lady Hamilton als »Nymphe die in ihrer Ruhe aufgeschreckt wird«, Ansicht 1",https://ausstellung.hebel-archiv.de/objekte/hamilton-nymphe-rehberg-piroli-1794/,Universitätsbibliothek Heidelberg,Geklärt,Genehmigung der UB Heidelberg,Leihgebende Institution erbittet nach Veröffentlichung einen Link zur fertigen Online-Ausstellung.,,https://ausstellung.hebel-archiv.de/objekte/hamilton-nymphe-rehberg-piroli-1794/,hoch (URL/Slug exakt)
69.2,"Lady Hamilton als »Nymphe die in ihrer Ruhe aufgeschreckt wird«, Ansicht 2",https://ausstellung.hebel-archiv.de/objekte/hamilton-nymphe-rehberg-piroli-1794/,Universitätsbibliothek Heidelberg,Geklärt,Genehmigung der UB Heidelberg,Leihgebende Institution erbittet nach Veröffentlichung einen Link zur fertigen Online-Ausstellung.,,https://ausstellung.hebel-archiv.de/objekte/hamilton-nymphe-rehberg-piroli-1794/,hoch (URL/Slug exakt)
70.1,"Porträt Henriette Hendel, Bild 1",https://ausstellung.hebel-archiv.de/objekte/portraet-henriette-hendel-peroux-ritter-1810/,Universitätsbibliothek J. C. Senckenberg Frankfurt,Geklärt,Genehmigung liegt vor,"""Belegexemplar"" erbeten -- also Link schicken?",,https://ausstellung.hebel-archiv.de/objekte/portraet-henriette-hendel-peroux-ritter-1810/,hoch (URL/Slug exakt)
76,"Brief Hebel an Kölle, 5. Juli 1812",https://ausstellung.hebel-archiv.de/objekte/brief-hebel-koelle-1812/,Deutsches Literaturarchiv Marbach,Geklärt,Genehmigung liegt vor,,,https://ausstellung.hebel-archiv.de/objekte/brief-hebel-koelle-1812/,hoch (URL/Slug exakt)
78.1,"Brief an Johann Albrecht Ittner, Bild 1",https://ausstellung.hebel-archiv.de/objekte/brief-hebel-ittner-1811/,Universitätsbibliothek Basel,geklärt,"Public domain mark, Quellenangabe: Hebel, Johann Peter: Brief an [J.A. Ittner]. [S.l.], 19. Maii [1811]. Universitätsbibliothek Basel, UBH G IV 49, 4, https://doi.org/10.7891/e-manuscripta-102431 / Public Domain Mark",,,https://ausstellung.hebel-archiv.de/objekte/brief-hebel-ittner-1811/,hoch (URL/Slug exakt)
78.2,"Brief an Ittner, Bild 2",https://ausstellung.hebel-archiv.de/objekte/brief-hebel-ittner-1811/,Universitätsbibliothek Basel,geklärt,"Public domain mark, Quellenangabe: Hebel, Johann Peter: Brief an [J.A. Ittner]. [S.l.], 19. Maii [1811]. Universitätsbibliothek Basel, UBH G IV 49, 4, https://doi.org/10.7891/e-manuscripta-102431 / Public Domain Mark",,,https://ausstellung.hebel-archiv.de/objekte/brief-hebel-ittner-1811/,hoch (URL/Slug exakt)
81,"Brief an Kölle, 2. März 1822",https://ausstellung.hebel-archiv.de/objekte/brief-hebel-koelle-1822/,Universitätsbibliothek Leipzig,Geklärt,"Telefonat mit der UB Leipzig, 24.08. 26: Es gibt keine Nutzungsbeschränkung, die UB Leipzig bittet um vollständige Quellenangabe und einen Link zur Ausstellung",Fotografie Alexander Knopf,,https://ausstellung.hebel-archiv.de/objekte/brief-hebel-koelle-1822/,hoch (URL/Slug exakt)
80,"Brief an Jean Paul Richter, 2. Juni 1811",https://ausstellung.hebel-archiv.de/objekte/brief-hebel-jean-paul-1811/,Hebel-Archiv Heidelberg,Geklärt,eigener Bestand,,,https://ausstellung.hebel-archiv.de/objekte/brief-hebel-jean-paul-1811/,hoch (URL/Slug exakt)
89,Brief von Hebel an Marcus Fidelis Jäck,https://ausstellung.hebel-archiv.de/objekte/brief-hebel-jaeck-1810/,Deutsches Literaturarchiv Marbach,Offen,Genehmigung des Deutschen Literaturarchivs Marbach für dieses Objekt einholen,"Signatur B:Hebel, Johann Peter",,https://ausstellung.hebel-archiv.de/objekte/brief-hebel-jaeck-1810/,hoch (URL/Slug exakt)
90,Brief von Marcus Fidelis Jäck an Hebel,https://ausstellung.hebel-archiv.de/objekte/brief-jaeck-hebel-1810/,Badische Landesbibliothek Karlsruhe,Geklärt,generelle Genehmigung,,,https://ausstellung.hebel-archiv.de/objekte/brief-jaeck-hebel-1810/,hoch (URL/Slug exakt)
88,Hebel an Haufe vom Dezember 1815 (Z 401),https://ausstellung.hebel-archiv.de/objekte/brief-hebel-haufe-dezember-1815/,Badische Landesbibliothek Karlsruhe,Geklärt,generelle Genehmigung,,,https://ausstellung.hebel-archiv.de/objekte/brief-hebel-haufe-dezember-1815/,hoch (URL/Slug exakt)
82,"Brief Hebel an Haufe, Februar 1815",https://ausstellung.hebel-archiv.de/objekte/brief-hebel-haufe-februar-1815/,Badische Landesbibliothek Karlsruhe,Geklärt,generelle Genehmigung,,,https://ausstellung.hebel-archiv.de/objekte/brief-hebel-haufe-februar-1815/,hoch (URL/Slug exakt)
77,Hebel-Darstellung von Vytautas Kazys Jonynas,https://ausstellung.hebel-archiv.de/objekte/hebel-briefmarken-1947-48/,Dreiländermuseum Lörrach,Geklärt,Genehmigung liegt vor,,,https://ausstellung.hebel-archiv.de/objekte/hebel-briefmarken-1947-48/,hoch (URL/Slug exakt)
94,Ittners Monographia de Schnauziis,https://ausstellung.hebel-archiv.de/objekte/ittner-monographia-schnauziis-1810/,Hebel-Archiv Heidelberg,Geklärt,eigener Bestand,,,https://ausstellung.hebel-archiv.de/objekte/ittner-monographia-schnauziis-1810/,hoch (URL/Slug exakt)
79.1,"Widmungsexemplar für Jäck, Bild 1",https://ausstellung.hebel-archiv.de/objekte/widmungsexemplar-allemannische-gedichte-jaeck-1806/,Hebel-Archiv Heidelberg,Geklärt,eigener Bestand,,,https://ausstellung.hebel-archiv.de/objekte/widmungsexemplar-allemannische-gedichte-jaeck-1806/,hoch (URL/Slug exakt)
79.2,"Widmungsexemplar für Jäck, Bild 2",https://ausstellung.hebel-archiv.de/objekte/widmungsexemplar-allemannische-gedichte-jaeck-1806/,Hebel-Archiv Heidelberg,Geklärt,eigener Bestand,,,https://ausstellung.hebel-archiv.de/objekte/widmungsexemplar-allemannische-gedichte-jaeck-1806/,hoch (URL/Slug exakt)
79.3,"Widmungsexemplar für Jäck, Bild 3",https://ausstellung.hebel-archiv.de/objekte/widmungsexemplar-allemannische-gedichte-jaeck-1806/,Hebel-Archiv Heidelberg,Geklärt,eigener Bestand,,,https://ausstellung.hebel-archiv.de/objekte/widmungsexemplar-allemannische-gedichte-jaeck-1806/,hoch (URL/Slug exakt)
79.4,"Widmungsexemplar für Jäck, Bild 4",https://ausstellung.hebel-archiv.de/objekte/widmungsexemplar-allemannische-gedichte-jaeck-1806/,Hebel-Archiv Heidelberg,Geklärt,eigener Bestand,,,https://ausstellung.hebel-archiv.de/objekte/widmungsexemplar-allemannische-gedichte-jaeck-1806/,hoch (URL/Slug exakt)
56.2,Siegel / Proteus-Symbol,https://ausstellung.hebel-archiv.de/objekte/proteus-siegel/,Hebel-Archiv Heidelberg,Geklärt,eigener Bestand,,,,kein Treffer (kein aktueller Objektdatensatz)
